Added Component: Designator=ANT1(ANT_2450AT18B100E)
Add component (AddParameter): Name = "Case/Package"; Value = "CSMD"; VariantName = "[No Variations]"
Add component (AddParameter): Name = "Category"; Value = "RF Antennas"; VariantName = "[No Variations]"
Add component (AddParameter): Name = "ComponentLink1Description"; Value = "https://datasheet.ciiva.com/24025/antenna-2450at18b100-242422-24025839.pdf?src-supplier=Mouser"; VariantName = "[No Variations]"
Add component (AddParameter): Name = "Manufacturer"; Value = "Johanson"; VariantName = "[No Variations]"
Add component (AddParameter): Name = "Manufacturer Part Number"; Value = "2450AT18B100E"; VariantName = "[No Variations]"
Add component (AddParameter): Name = "Supplier 1"; Value = "Mouser"; VariantName = "[No Variations]"
Add component (AddParameter): Name = "Supplier Part Number 1"; Value = "609-2450AT18B100E"; VariantName = "[No Variations]"
Added Component: Designator=C1(0805)
Add component (AddParameter): Name = "Capacitance"; Value = "100nF"; VariantName = "[No Variations]"
Add component (AddParameter): Name = "Case/Package"; Value = "0805"; VariantName = "[No Variations]"
Add component (AddParameter): Name = "Category"; Value = "Ceramic Capacitors"; VariantName = "[No Variations]"
Add component (AddParameter): Name = "ComponentLink1Description"; Value = "https://datasheet.ciiva.com/29534/mlcc-commercial-soft-en-29534235.pdf?src-supplier=Digi-Key"; VariantName = "[No Variations]"
Add component (AddParameter): Name = "Kucište"; Value = "0805"; VariantName = "[No Variations]"
Add component (AddParameter): Name = "Manufacturer"; Value = "TDK"; VariantName = "[No Variations]"
Add component (AddParameter): Name = "Manufacturer Part Number"; Value = "C2012X7R1H104K125AE"; VariantName = "[No Variations]"
Add component (AddParameter): Name = "Supplier 1"; Value = "Mouser"; VariantName = "[No Variations]"
Add component (AddParameter): Name = "Supplier 2"; Value = "Mouser"; VariantName = "[No Variations]"
Add component (AddParameter): Name = "Supplier Part Number 1"; Value = "963-MCJCU21GBB7104KT"; VariantName = "[No Variations]"
Add component (AddParameter): Name = "Supplier Part Number 2"; Value = "810-C2012X7R1H104KAE"; VariantName = "[No Variations]"
Add component (AddParameter): Name = "Value"; Value = "100nF"; VariantName = "[No Variations]"
Added Component: Designator=C2(0805)
Add component (AddParameter): Name = "Capacitance"; Value = "100nF"; VariantName = "[No Variations]"
Add component (AddParameter): Name = "Case/Package"; Value = "0805"; VariantName = "[No Variations]"
Add component (AddParameter): Name = "Category"; Value = "Ceramic Capacitors"; VariantName = "[No Variations]"
Add component (AddParameter): Name = "ComponentLink1Description"; Value = "https://datasheet.ciiva.com/29534/mlcc-commercial-soft-en-29534235.pdf?src-supplier=Digi-Key"; VariantName = "[No Variations]"
Add component (AddParameter): Name = "Kucište"; Value = "0805"; VariantName = "[No Variations]"
Add component (AddParameter): Name = "Manufacturer"; Value = "TDK"; VariantName = "[No Variations]"
Add component (AddParameter): Name = "Manufacturer Part Number"; Value = "C2012X7R1H104K125AE"; VariantName = "[No Variations]"
Add component (AddParameter): Name = "Supplier 1"; Value = "Mouser"; VariantName = "[No Variations]"
Add component (AddParameter): Name = "Supplier 2"; Value = "Mouser"; VariantName = "[No Variations]"
Add component (AddParameter): Name = "Supplier Part Number 1"; Value = "963-MCJCU21GBB7104KT"; VariantName = "[No Variations]"
Add component (AddParameter): Name = "Supplier Part Number 2"; Value = "810-C2012X7R1H104KAE"; VariantName = "[No Variations]"
Add component (AddParameter): Name = "Value"; Value = "100nF"; VariantName = "[No Variations]"
Added Component: Designator=C3(0805)
Add component (AddParameter): Name = "Capacitance"; Value = "100nF"; VariantName = "[No Variations]"
Add component (AddParameter): Name = "Case/Package"; Value = "0805"; VariantName = "[No Variations]"
Add component (AddParameter): Name = "Category"; Value = "Ceramic Capacitors"; VariantName = "[No Variations]"
Add component (AddParameter): Name = "ComponentLink1Description"; Value = "https://datasheet.ciiva.com/29534/mlcc-commercial-soft-en-29534235.pdf?src-supplier=Digi-Key"; VariantName = "[No Variations]"
Add component (AddParameter): Name = "Kucište"; Value = "0805"; VariantName = "[No Variations]"
Add component (AddParameter): Name = "Manufacturer"; Value = "TDK"; VariantName = "[No Variations]"
Add component (AddParameter): Name = "Manufacturer Part Number"; Value = "C2012X7R1H104K125AE"; VariantName = "[No Variations]"
Add component (AddParameter): Name = "Supplier 1"; Value = "Mouser"; VariantName = "[No Variations]"
Add component (AddParameter): Name = "Supplier 2"; Value = "Mouser"; VariantName = "[No Variations]"
Add component (AddParameter): Name = "Supplier Part Number 1"; Value = "963-MCJCU21GBB7104KT"; VariantName = "[No Variations]"
Add component (AddParameter): Name = "Supplier Part Number 2"; Value = "810-C2012X7R1H104KAE"; VariantName = "[No Variations]"
Add component (AddParameter): Name = "Value"; Value = "100nF"; VariantName = "[No Variations]"
Added Component: Designator=C4(0805)
Add component (AddParameter): Name = "Capacitance"; Value = "100nF"; VariantName = "[No Variations]"
Add component (AddParameter): Name = "Case/Package"; Value = "0805"; VariantName = "[No Variations]"
Add component (AddParameter): Name = "Category"; Value = "Ceramic Capacitors"; VariantName = "[No Variations]"
Add component (AddParameter): Name = "ComponentLink1Description"; Value = "https://datasheet.ciiva.com/29534/mlcc-commercial-soft-en-29534235.pdf?src-supplier=Digi-Key"; VariantName = "[No Variations]"
Add component (AddParameter): Name = "Kucište"; Value = "0805"; VariantName = "[No Variations]"
Add component (AddParameter): Name = "Manufacturer"; Value = "TDK"; VariantName = "[No Variations]"
Add component (AddParameter): Name = "Manufacturer Part Number"; Value = "C2012X7R1H104K125AE"; VariantName = "[No Variations]"
Add component (AddParameter): Name = "Supplier 1"; Value = "Mouser"; VariantName = "[No Variations]"
Add component (AddParameter): Name = "Supplier 2"; Value = "Mouser"; VariantName = "[No Variations]"
Add component (AddParameter): Name = "Supplier Part Number 1"; Value = "963-MCJCU21GBB7104KT"; VariantName = "[No Variations]"
Add component (AddParameter): Name = "Supplier Part Number 2"; Value = "810-C2012X7R1H104KAE"; VariantName = "[No Variations]"
Add component (AddParameter): Name = "Value"; Value = "100nF"; VariantName = "[No Variations]"
Added Component: Designator=C5(0805)
Add component (AddParameter): Name = "Capacitance"; Value = "10nF"; VariantName = "[No Variations]"
Add component (AddParameter): Name = "Case/Package"; Value = "0805"; VariantName = "[No Variations]"
Add component (AddParameter): Name = "Category"; Value = "Ceramic Capacitors"; VariantName = "[No Variations]"
Add component (AddParameter): Name = "ComponentLink1Description"; Value = "http://www.farnell.com/datasheets/2723804.pdf?src-supplier=Farnell"; VariantName = "[No Variations]"
Add component (AddParameter): Name = "Kucište"; Value = "0805"; VariantName = "[No Variations]"
Add component (AddParameter): Name = "Manufacturer"; Value = "KEMET"; VariantName = "[No Variations]"
Add component (AddParameter): Name = "Manufacturer Part Number"; Value = "C0805C103K5RECAUTO"; VariantName = "[No Variations]"
Add component (AddParameter): Name = "Supplier 1"; Value = "Mouser"; VariantName = "[No Variations]"
Add component (AddParameter): Name = "Supplier Part Number 1"; Value = "80-C0805C103K5RECAUT"; VariantName = "[No Variations]"
Add component (AddParameter): Name = "Value"; Value = "10nF"; VariantName = "[No Variations]"
Added Component: Designator=C6(0805)
Add component (AddParameter): Name = "Capacitance"; Value = "100nF"; VariantName = "[No Variations]"
Add component (AddParameter): Name = "Case/Package"; Value = "0805"; VariantName = "[No Variations]"
Add component (AddParameter): Name = "Category"; Value = "Ceramic Capacitors"; VariantName = "[No Variations]"
Add component (AddParameter): Name = "ComponentLink1Description"; Value = "https://datasheet.ciiva.com/29534/mlcc-commercial-soft-en-29534235.pdf?src-supplier=Digi-Key"; VariantName = "[No Variations]"
Add component (AddParameter): Name = "Kucište"; Value = "0805"; VariantName = "[No Variations]"
Add component (AddParameter): Name = "Manufacturer"; Value = "TDK"; VariantName = "[No Variations]"
Add component (AddParameter): Name = "Manufacturer Part Number"; Value = "C2012X7R1H104K125AE"; VariantName = "[No Variations]"
Add component (AddParameter): Name = "Supplier 1"; Value = "Mouser"; VariantName = "[No Variations]"
Add component (AddParameter): Name = "Supplier 2"; Value = "Mouser"; VariantName = "[No Variations]"
Add component (AddParameter): Name = "Supplier Part Number 1"; Value = "963-MCJCU21GBB7104KT"; VariantName = "[No Variations]"
Add component (AddParameter): Name = "Supplier Part Number 2"; Value = "810-C2012X7R1H104KAE"; VariantName = "[No Variations]"
Add component (AddParameter): Name = "Value"; Value = "100nF"; VariantName = "[No Variations]"
Added Component: Designator=C7(0805)
Add component (AddParameter): Name = "Capacitance"; Value = "100nF"; VariantName = "[No Variations]"
Add component (AddParameter): Name = "Case/Package"; Value = "0805"; VariantName = "[No Variations]"
Add component (AddParameter): Name = "Category"; Value = "Ceramic Capacitors"; VariantName = "[No Variations]"
Add component (AddParameter): Name = "ComponentLink1Description"; Value = "https://datasheet.ciiva.com/29534/mlcc-commercial-soft-en-29534235.pdf?src-supplier=Digi-Key"; VariantName = "[No Variations]"
Add component (AddParameter): Name = "Kucište"; Value = "0805"; VariantName = "[No Variations]"
Add component (AddParameter): Name = "Manufacturer"; Value = "TDK"; VariantName = "[No Variations]"
Add component (AddParameter): Name = "Manufacturer Part Number"; Value = "C2012X7R1H104K125AE"; VariantName = "[No Variations]"
Add component (AddParameter): Name = "Supplier 1"; Value = "Mouser"; VariantName = "[No Variations]"
Add component (AddParameter): Name = "Supplier 2"; Value = "Mouser"; VariantName = "[No Variations]"
Add component (AddParameter): Name = "Supplier Part Number 1"; Value = "963-MCJCU21GBB7104KT"; VariantName = "[No Variations]"
Add component (AddParameter): Name = "Supplier Part Number 2"; Value = "810-C2012X7R1H104KAE"; VariantName = "[No Variations]"
Add component (AddParameter): Name = "Value"; Value = "100nF"; VariantName = "[No Variations]"
Added Component: Designator=C8(0402)
Add component (AddParameter): Name = "Kucište"; Value = "0402"; VariantName = "[No Variations]"
Add component (AddParameter): Name = "Supplier 1"; Value = "Mouser"; VariantName = "[No Variations]"
Add component (AddParameter): Name = "Supplier Part Number 1"; Value = "581-KAM05ACG1H220FH"; VariantName = "[No Variations]"
Added Component: Designator=C9(0805)
Add component (AddParameter): Name = "Capacitance"; Value = "100nF"; VariantName = "[No Variations]"
Add component (AddParameter): Name = "Case/Package"; Value = "0805"; VariantName = "[No Variations]"
Add component (AddParameter): Name = "Category"; Value = "Ceramic Capacitors"; VariantName = "[No Variations]"
Add component (AddParameter): Name = "ComponentLink1Description"; Value = "https://datasheet.ciiva.com/29534/mlcc-commercial-soft-en-29534235.pdf?src-supplier=Digi-Key"; VariantName = "[No Variations]"
Add component (AddParameter): Name = "Kucište"; Value = "0805"; VariantName = "[No Variations]"
Add component (AddParameter): Name = "Manufacturer"; Value = "TDK"; VariantName = "[No Variations]"
Add component (AddParameter): Name = "Manufacturer Part Number"; Value = "C2012X7R1H104K125AE"; VariantName = "[No Variations]"
Add component (AddParameter): Name = "Supplier 1"; Value = "Mouser"; VariantName = "[No Variations]"
Add component (AddParameter): Name = "Supplier 2"; Value = "Mouser"; VariantName = "[No Variations]"
Add component (AddParameter): Name = "Supplier Part Number 1"; Value = "963-MCJCU21GBB7104KT"; VariantName = "[No Variations]"
Add component (AddParameter): Name = "Supplier Part Number 2"; Value = "810-C2012X7R1H104KAE"; VariantName = "[No Variations]"
Add component (AddParameter): Name = "Value"; Value = "100nF"; VariantName = "[No Variations]"
Added Component: Designator=C10(0805)
Add component (AddParameter): Name = "Capacitance"; Value = "15pF"; VariantName = "[No Variations]"
Add component (AddParameter): Name = "Case/Package"; Value = "0805"; VariantName = "[No Variations]"
Add component (AddParameter): Name = "Category"; Value = "Ceramic Capacitors"; VariantName = "[No Variations]"
Add component (AddParameter): Name = "ComponentLink1Description"; Value = "http://components.arrow.com/part/dataview/0323_07284744?src-supplier=Arrow+Europe"; VariantName = "[No Variations]"
Add component (AddParameter): Name = "Kucište"; Value = "0805"; VariantName = "[No Variations]"
Add component (AddParameter): Name = "Manufacturer"; Value = "Murata"; VariantName = "[No Variations]"
Add component (AddParameter): Name = "Manufacturer Part Number"; Value = "GRM21A5C2D150JW01D"; VariantName = "[No Variations]"
Add component (AddParameter): Name = "Supplier 1"; Value = "Mouser"; VariantName = "[No Variations]"
Add component (AddParameter): Name = "Supplier 2"; Value = "Mouser"; VariantName = "[No Variations]"
Add component (AddParameter): Name = "Supplier Part Number 1"; Value = "81-GRM21A5C2D150JW1D"; VariantName = "[No Variations]"
Add component (AddParameter): Name = "Supplier Part Number 2"; Value = "581-08052U150J"; VariantName = "[No Variations]"
Add component (AddParameter): Name = "Value"; Value = "15pF"; VariantName = "[No Variations]"
Added Component: Designator=C11(0805)
Add component (AddParameter): Name = "Capacitance"; Value = "15pF"; VariantName = "[No Variations]"
Add component (AddParameter): Name = "Case/Package"; Value = "0805"; VariantName = "[No Variations]"
Add component (AddParameter): Name = "Category"; Value = "Ceramic Capacitors"; VariantName = "[No Variations]"
Add component (AddParameter): Name = "ComponentLink1Description"; Value = "http://components.arrow.com/part/dataview/0323_07284744?src-supplier=Arrow+Europe"; VariantName = "[No Variations]"
Add component (AddParameter): Name = "Kucište"; Value = "0805"; VariantName = "[No Variations]"
Add component (AddParameter): Name = "Manufacturer"; Value = "Murata"; VariantName = "[No Variations]"
Add component (AddParameter): Name = "Manufacturer Part Number"; Value = "GRM21A5C2D150JW01D"; VariantName = "[No Variations]"
Add component (AddParameter): Name = "Supplier 1"; Value = "Mouser"; VariantName = "[No Variations]"
Add component (AddParameter): Name = "Supplier 2"; Value = "Mouser"; VariantName = "[No Variations]"
Add component (AddParameter): Name = "Supplier Part Number 1"; Value = "81-GRM21A5C2D150JW1D"; VariantName = "[No Variations]"
Add component (AddParameter): Name = "Supplier Part Number 2"; Value = "581-08052U150J"; VariantName = "[No Variations]"
Add component (AddParameter): Name = "Value"; Value = "15pF"; VariantName = "[No Variations]"
Added Component: Designator=C12(1210)
Add component (AddParameter): Name = "Supplier 1"; Value = "DigiKey"; VariantName = "[No Variations]"
Add component (AddParameter): Name = "Supplier Part Number 1"; Value = "478-13152-1-ND"; VariantName = "[No Variations]"
Added Component: Designator=C13(0805)
Add component (AddParameter): Name = "Capacitance"; Value = "100nF"; VariantName = "[No Variations]"
Add component (AddParameter): Name = "Case/Package"; Value = "0805"; VariantName = "[No Variations]"
Add component (AddParameter): Name = "Category"; Value = "Ceramic Capacitors"; VariantName = "[No Variations]"
Add component (AddParameter): Name = "ComponentLink1Description"; Value = "https://datasheet.ciiva.com/29534/mlcc-commercial-soft-en-29534235.pdf?src-supplier=Digi-Key"; VariantName = "[No Variations]"
Add component (AddParameter): Name = "Kucište"; Value = "0805"; VariantName = "[No Variations]"
Add component (AddParameter): Name = "Manufacturer"; Value = "TDK"; VariantName = "[No Variations]"
Add component (AddParameter): Name = "Manufacturer Part Number"; Value = "C2012X7R1H104K125AE"; VariantName = "[No Variations]"
Add component (AddParameter): Name = "Supplier 1"; Value = "Mouser"; VariantName = "[No Variations]"
Add component (AddParameter): Name = "Supplier 2"; Value = "Mouser"; VariantName = "[No Variations]"
Add component (AddParameter): Name = "Supplier Part Number 1"; Value = "963-MCJCU21GBB7104KT"; VariantName = "[No Variations]"
Add component (AddParameter): Name = "Supplier Part Number 2"; Value = "810-C2012X7R1H104KAE"; VariantName = "[No Variations]"
Add component (AddParameter): Name = "Value"; Value = "100nF"; VariantName = "[No Variations]"
Added Component: Designator=C14(0805)
Add component (AddParameter): Name = "Capacitance"; Value = "100nF"; VariantName = "[No Variations]"
Add component (AddParameter): Name = "Case/Package"; Value = "0805"; VariantName = "[No Variations]"
Add component (AddParameter): Name = "Category"; Value = "Ceramic Capacitors"; VariantName = "[No Variations]"
Add component (AddParameter): Name = "ComponentLink1Description"; Value = "https://datasheet.ciiva.com/29534/mlcc-commercial-soft-en-29534235.pdf?src-supplier=Digi-Key"; VariantName = "[No Variations]"
Add component (AddParameter): Name = "Kucište"; Value = "0805"; VariantName = "[No Variations]"
Add component (AddParameter): Name = "Manufacturer"; Value = "TDK"; VariantName = "[No Variations]"
Add component (AddParameter): Name = "Manufacturer Part Number"; Value = "C2012X7R1H104K125AE"; VariantName = "[No Variations]"
Add component (AddParameter): Name = "Supplier 1"; Value = "Mouser"; VariantName = "[No Variations]"
Add component (AddParameter): Name = "Supplier 2"; Value = "Mouser"; VariantName = "[No Variations]"
Add component (AddParameter): Name = "Supplier Part Number 1"; Value = "963-MCJCU21GBB7104KT"; VariantName = "[No Variations]"
Add component (AddParameter): Name = "Supplier Part Number 2"; Value = "810-C2012X7R1H104KAE"; VariantName = "[No Variations]"
Add component (AddParameter): Name = "Value"; Value = "100nF"; VariantName = "[No Variations]"
Added Component: Designator=C15(0805)
Add component (AddParameter): Name = "Capacitance"; Value = "100nF"; VariantName = "[No Variations]"
Add component (AddParameter): Name = "Case/Package"; Value = "0805"; VariantName = "[No Variations]"
Add component (AddParameter): Name = "Category"; Value = "Ceramic Capacitors"; VariantName = "[No Variations]"
Add component (AddParameter): Name = "ComponentLink1Description"; Value = "https://datasheet.ciiva.com/29534/mlcc-commercial-soft-en-29534235.pdf?src-supplier=Digi-Key"; VariantName = "[No Variations]"
Add component (AddParameter): Name = "Kucište"; Value = "0805"; VariantName = "[No Variations]"
Add component (AddParameter): Name = "Manufacturer"; Value = "TDK"; VariantName = "[No Variations]"
Add component (AddParameter): Name = "Manufacturer Part Number"; Value = "C2012X7R1H104K125AE"; VariantName = "[No Variations]"
Add component (AddParameter): Name = "Supplier 1"; Value = "Mouser"; VariantName = "[No Variations]"
Add component (AddParameter): Name = "Supplier 2"; Value = "Mouser"; VariantName = "[No Variations]"
Add component (AddParameter): Name = "Supplier Part Number 1"; Value = "963-MCJCU21GBB7104KT"; VariantName = "[No Variations]"
Add component (AddParameter): Name = "Supplier Part Number 2"; Value = "810-C2012X7R1H104KAE"; VariantName = "[No Variations]"
Add component (AddParameter): Name = "Value"; Value = "100nF"; VariantName = "[No Variations]"
Added Component: Designator=C16(0805)
Add component (AddParameter): Name = "Capacitance"; Value = "100nF"; VariantName = "[No Variations]"
Add component (AddParameter): Name = "Case/Package"; Value = "0805"; VariantName = "[No Variations]"
Add component (AddParameter): Name = "Category"; Value = "Ceramic Capacitors"; VariantName = "[No Variations]"
Add component (AddParameter): Name = "ComponentLink1Description"; Value = "https://datasheet.ciiva.com/29534/mlcc-commercial-soft-en-29534235.pdf?src-supplier=Digi-Key"; VariantName = "[No Variations]"
Add component (AddParameter): Name = "Kucište"; Value = "0805"; VariantName = "[No Variations]"
Add component (AddParameter): Name = "Manufacturer"; Value = "TDK"; VariantName = "[No Variations]"
Add component (AddParameter): Name = "Manufacturer Part Number"; Value = "C2012X7R1H104K125AE"; VariantName = "[No Variations]"
Add component (AddParameter): Name = "Supplier 1"; Value = "Mouser"; VariantName = "[No Variations]"
Add component (AddParameter): Name = "Supplier 2"; Value = "Mouser"; VariantName = "[No Variations]"
Add component (AddParameter): Name = "Supplier Part Number 1"; Value = "963-MCJCU21GBB7104KT"; VariantName = "[No Variations]"
Add component (AddParameter): Name = "Supplier Part Number 2"; Value = "810-C2012X7R1H104KAE"; VariantName = "[No Variations]"
Add component (AddParameter): Name = "Value"; Value = "100nF"; VariantName = "[No Variations]"
Added Component: Designator=C17(0805)
Add component (AddParameter): Name = "Capacitance"; Value = "100nF"; VariantName = "[No Variations]"
Add component (AddParameter): Name = "Case/Package"; Value = "0805"; VariantName = "[No Variations]"
Add component (AddParameter): Name = "Category"; Value = "Ceramic Capacitors"; VariantName = "[No Variations]"
Add component (AddParameter): Name = "ComponentLink1Description"; Value = "https://datasheet.ciiva.com/29534/mlcc-commercial-soft-en-29534235.pdf?src-supplier=Digi-Key"; VariantName = "[No Variations]"
Add component (AddParameter): Name = "Kucište"; Value = "0805"; VariantName = "[No Variations]"
Add component (AddParameter): Name = "Manufacturer"; Value = "TDK"; VariantName = "[No Variations]"
Add component (AddParameter): Name = "Manufacturer Part Number"; Value = "C2012X7R1H104K125AE"; VariantName = "[No Variations]"
Add component (AddParameter): Name = "Supplier 1"; Value = "Mouser"; VariantName = "[No Variations]"
Add component (AddParameter): Name = "Supplier 2"; Value = "Mouser"; VariantName = "[No Variations]"
Add component (AddParameter): Name = "Supplier Part Number 1"; Value = "963-MCJCU21GBB7104KT"; VariantName = "[No Variations]"
Add component (AddParameter): Name = "Supplier Part Number 2"; Value = "810-C2012X7R1H104KAE"; VariantName = "[No Variations]"
Add component (AddParameter): Name = "Value"; Value = "100nF"; VariantName = "[No Variations]"
Added Component: Designator=C18(0805)
Add component (AddParameter): Name = "Capacitance"; Value = "4u7F"; VariantName = "[No Variations]"
Add component (AddParameter): Name = "Case/Package"; Value = "0805"; VariantName = "[No Variations]"
Add component (AddParameter): Name = "Category"; Value = "Ceramic Capacitors"; VariantName = "[No Variations]"
Add component (AddParameter): Name = "ComponentLink1Description"; Value = "https://product.tdk.com/info/en/catalog/datasheets/mlcc_automotive_general_en.pdf?src-supplier=Digi-Key"; VariantName = "[No Variations]"
Add component (AddParameter): Name = "Kucište"; Value = "0805"; VariantName = "[No Variations]"
Add component (AddParameter): Name = "Manufacturer"; Value = "TDK"; VariantName = "[No Variations]"
Add component (AddParameter): Name = "Manufacturer Part Number"; Value = "CGA4J1X7R1H475K125AC"; VariantName = "[No Variations]"
Add component (AddParameter): Name = "Supplier 1"; Value = "Mouser"; VariantName = "[No Variations]"
Add component (AddParameter): Name = "Supplier Part Number 1"; Value = "810-CGA4J1X7R1H475K1"; VariantName = "[No Variations]"
Add component (AddParameter): Name = "Value"; Value = "4u7F"; VariantName = "[No Variations]"
Added Component: Designator=C19(0805)
Add component (AddParameter): Name = "Capacitance"; Value = "100nF"; VariantName = "[No Variations]"
Add component (AddParameter): Name = "Case/Package"; Value = "0805"; VariantName = "[No Variations]"
Add component (AddParameter): Name = "Category"; Value = "Ceramic Capacitors"; VariantName = "[No Variations]"
Add component (AddParameter): Name = "ComponentLink1Description"; Value = "https://datasheet.ciiva.com/29534/mlcc-commercial-soft-en-29534235.pdf?src-supplier=Digi-Key"; VariantName = "[No Variations]"
Add component (AddParameter): Name = "Kucište"; Value = "0805"; VariantName = "[No Variations]"
Add component (AddParameter): Name = "Manufacturer"; Value = "TDK"; VariantName = "[No Variations]"
Add component (AddParameter): Name = "Manufacturer Part Number"; Value = "C2012X7R1H104K125AE"; VariantName = "[No Variations]"
Add component (AddParameter): Name = "Supplier 1"; Value = "Mouser"; VariantName = "[No Variations]"
Add component (AddParameter): Name = "Supplier 2"; Value = "Mouser"; VariantName = "[No Variations]"
Add component (AddParameter): Name = "Supplier Part Number 1"; Value = "963-MCJCU21GBB7104KT"; VariantName = "[No Variations]"
Add component (AddParameter): Name = "Supplier Part Number 2"; Value = "810-C2012X7R1H104KAE"; VariantName = "[No Variations]"
Add component (AddParameter): Name = "Value"; Value = "100nF"; VariantName = "[No Variations]"
Added Component: Designator=C20(0402)
Add component (AddParameter): Name = "Kucište"; Value = "0402"; VariantName = "[No Variations]"
Add component (AddParameter): Name = "Supplier 1"; Value = "DigiKey"; VariantName = "[No Variations]"
Add component (AddParameter): Name = "Supplier Part Number 1"; Value = "490-GCM1555C2A101GE02DTR-ND"; VariantName = "[No Variations]"
Added Component: Designator=C21(0805)
Add component (AddParameter): Name = "Capacitance"; Value = "100nF"; VariantName = "[No Variations]"
Add component (AddParameter): Name = "Case/Package"; Value = "0805"; VariantName = "[No Variations]"
Add component (AddParameter): Name = "Category"; Value = "Ceramic Capacitors"; VariantName = "[No Variations]"
Add component (AddParameter): Name = "ComponentLink1Description"; Value = "https://datasheet.ciiva.com/29534/mlcc-commercial-soft-en-29534235.pdf?src-supplier=Digi-Key"; VariantName = "[No Variations]"
Add component (AddParameter): Name = "Kucište"; Value = "0805"; VariantName = "[No Variations]"
Add component (AddParameter): Name = "Manufacturer"; Value = "TDK"; VariantName = "[No Variations]"
Add component (AddParameter): Name = "Manufacturer Part Number"; Value = "C2012X7R1H104K125AE"; VariantName = "[No Variations]"
Add component (AddParameter): Name = "Supplier 1"; Value = "Mouser"; VariantName = "[No Variations]"
Add component (AddParameter): Name = "Supplier 2"; Value = "Mouser"; VariantName = "[No Variations]"
Add component (AddParameter): Name = "Supplier Part Number 1"; Value = "963-MCJCU21GBB7104KT"; VariantName = "[No Variations]"
Add component (AddParameter): Name = "Supplier Part Number 2"; Value = "810-C2012X7R1H104KAE"; VariantName = "[No Variations]"
Add component (AddParameter): Name = "Value"; Value = "100nF"; VariantName = "[No Variations]"
Added Component: Designator=C22(0805)
Add component (AddParameter): Name = "Capacitance"; Value = "4u7F"; VariantName = "[No Variations]"
Add component (AddParameter): Name = "Case/Package"; Value = "0805"; VariantName = "[No Variations]"
Add component (AddParameter): Name = "Category"; Value = "Ceramic Capacitors"; VariantName = "[No Variations]"
Add component (AddParameter): Name = "ComponentLink1Description"; Value = "https://product.tdk.com/info/en/catalog/datasheets/mlcc_automotive_general_en.pdf?src-supplier=Digi-Key"; VariantName = "[No Variations]"
Add component (AddParameter): Name = "Kucište"; Value = "0805"; VariantName = "[No Variations]"
Add component (AddParameter): Name = "Manufacturer"; Value = "TDK"; VariantName = "[No Variations]"
Add component (AddParameter): Name = "Manufacturer Part Number"; Value = "CGA4J1X7R1H475K125AC"; VariantName = "[No Variations]"
Add component (AddParameter): Name = "Supplier 1"; Value = "Mouser"; VariantName = "[No Variations]"
Add component (AddParameter): Name = "Supplier Part Number 1"; Value = "810-CGA4J1X7R1H475K1"; VariantName = "[No Variations]"
Add component (AddParameter): Name = "Value"; Value = "4u7F"; VariantName = "[No Variations]"
Added Component: Designator=C23(0402)
Add component (AddParameter): Name = "Capacitance"; Value = "1.2pF"; VariantName = "[No Variations]"
Add component (AddParameter): Name = "Case"; Value = "0402"; VariantName = "[No Variations]"
Add component (AddParameter): Name = "Case/Package"; Value = "0402"; VariantName = "[No Variations]"
Add component (AddParameter): Name = "Category"; Value = "Ceramic Capacitors"; VariantName = "[No Variations]"
Add component (AddParameter): Name = "ComponentLink1Description"; Value = "https://datasheet.ciiva.com/1461/1731432-1461669.pdf?src-supplier=Element14"; VariantName = "[No Variations]"
Add component (AddParameter): Name = "Manufacturer"; Value = "Johanson"; VariantName = "[No Variations]"
Add component (AddParameter): Name = "Manufacturer Part Number"; Value = "500R07S1R2BV4T"; VariantName = "[No Variations]"
Add component (AddParameter): Name = "Supplier 1"; Value = "Mouser"; VariantName = "[No Variations]"
Add component (AddParameter): Name = "Supplier 2"; Value = "Arrow Electronics"; VariantName = "[No Variations]"
Add component (AddParameter): Name = "Supplier Part Number 1"; Value = "609-500R07S1R2BV4T"; VariantName = "[No Variations]"
Add component (AddParameter): Name = "Supplier Part Number 2"; Value = "500R07S1R2BV4T"; VariantName = "[No Variations]"
Add component (AddParameter): Name = "Value"; Value = "1.2pF"; VariantName = "[No Variations]"
Added Component: Designator=C24(0805)
Add component (AddParameter): Name = "Capacitance"; Value = "100nF"; VariantName = "[No Variations]"
Add component (AddParameter): Name = "Case/Package"; Value = "0805"; VariantName = "[No Variations]"
Add component (AddParameter): Name = "Category"; Value = "Ceramic Capacitors"; VariantName = "[No Variations]"
Add component (AddParameter): Name = "ComponentLink1Description"; Value = "https://datasheet.ciiva.com/29534/mlcc-commercial-soft-en-29534235.pdf?src-supplier=Digi-Key"; VariantName = "[No Variations]"
Add component (AddParameter): Name = "Kucište"; Value = "0805"; VariantName = "[No Variations]"
Add component (AddParameter): Name = "Manufacturer"; Value = "TDK"; VariantName = "[No Variations]"
Add component (AddParameter): Name = "Manufacturer Part Number"; Value = "C2012X7R1H104K125AE"; VariantName = "[No Variations]"
Add component (AddParameter): Name = "Supplier 1"; Value = "Mouser"; VariantName = "[No Variations]"
Add component (AddParameter): Name = "Supplier 2"; Value = "Mouser"; VariantName = "[No Variations]"
Add component (AddParameter): Name = "Supplier Part Number 1"; Value = "963-MCJCU21GBB7104KT"; VariantName = "[No Variations]"
Add component (AddParameter): Name = "Supplier Part Number 2"; Value = "810-C2012X7R1H104KAE"; VariantName = "[No Variations]"
Add component (AddParameter): Name = "Value"; Value = "100nF"; VariantName = "[No Variations]"
Added Component: Designator=C25(0805)
Add component (AddParameter): Name = "Capacitance"; Value = "10nF"; VariantName = "[No Variations]"
Add component (AddParameter): Name = "Case/Package"; Value = "0805"; VariantName = "[No Variations]"
Add component (AddParameter): Name = "Category"; Value = "Ceramic Capacitors"; VariantName = "[No Variations]"
Add component (AddParameter): Name = "ComponentLink1Description"; Value = "http://www.farnell.com/datasheets/2723804.pdf?src-supplier=Farnell"; VariantName = "[No Variations]"
Add component (AddParameter): Name = "Kucište"; Value = "0805"; VariantName = "[No Variations]"
Add component (AddParameter): Name = "Manufacturer"; Value = "KEMET"; VariantName = "[No Variations]"
Add component (AddParameter): Name = "Manufacturer Part Number"; Value = "C0805C103K5RECAUTO"; VariantName = "[No Variations]"
Add component (AddParameter): Name = "Supplier 1"; Value = "Mouser"; VariantName = "[No Variations]"
Add component (AddParameter): Name = "Supplier Part Number 1"; Value = "80-C0805C103K5RECAUT"; VariantName = "[No Variations]"
Add component (AddParameter): Name = "Value"; Value = "10nF"; VariantName = "[No Variations]"
Added Component: Designator=C26(0603)
Add component (AddParameter): Name = "Category"; Value = "Ceramic Capacitors"; VariantName = "[No Variations]"
Add component (AddParameter): Name = "ComponentLink1Description"; Value = "https://datasheet.octopart.com:443/C1608X7R1H105K080AB-TDK-datasheet-175423548.pdf?src-supplier=IHS"; VariantName = "[No Variations]"
Add component (AddParameter): Name = "ComponentLink1URL"; Value = "https://datasheet.octopart.com:443/C1608X7R1H105K080AB-TDK-datasheet-175423548.pdf?src-supplier=IHS"; VariantName = "[No Variations]"
Add component (AddParameter): Name = "Dielectric Material"; Value = "Ceramic"; VariantName = "[No Variations]"
Add component (AddParameter): Name = "Height"; Value = "800µm"; VariantName = "[No Variations]"
Add component (AddParameter): Name = "Kucište"; Value = "0603"; VariantName = "[No Variations]"
Add component (AddParameter): Name = "Length"; Value = "1.6mm"; VariantName = "[No Variations]"
Add component (AddParameter): Name = "Lifecycle Status"; Value = "Production"; VariantName = "[No Variations]"
Add component (AddParameter): Name = "Manufacturer"; Value = "TDK"; VariantName = "[No Variations]"
Add component (AddParameter): Name = "Manufacturer Part Number"; Value = "C1608X7R1H105K080AB"; VariantName = "[No Variations]"
Add component (AddParameter): Name = "Max Operating Temperature"; Value = "125°C"; VariantName = "[No Variations]"
Add component (AddParameter): Name = "Min Operating Temperature"; Value = "-55°C"; VariantName = "[No Variations]"
Add component (AddParameter): Name = "Mounting Technology"; Value = "Surface Mount"; VariantName = "[No Variations]"
Add component (AddParameter): Name = "Number of Terminals"; Value = "2"; VariantName = "[No Variations]"
Add component (AddParameter): Name = "Pricing"; Value = "1=0.21, 10=0.121, 50=0.0866, 100=0.076, 500=0.05824, 1000=0.05277 (USD)"; VariantName = "[No Variations]"
Add component (AddParameter): Name = "Stock"; Value = "9450"; VariantName = "[No Variations]"
Add component (AddParameter): Name = "Supplier"; Value = "DigiKey"; VariantName = "[No Variations]"
Add component (AddParameter): Name = "Supplier Part Number"; Value = "445-C1608X7R1H105K080ABCT-ND"; VariantName = "[No Variations]"
Add component (AddParameter): Name = "Value"; Value = "1µF"; VariantName = "[No Variations]"
Add component (AddParameter): Name = "Voltage Rating (DC)"; Value = "50V"; VariantName = "[No Variations]"
Add component (AddParameter): Name = "Width"; Value = "800µm"; VariantName = "[No Variations]"
Added Component: Designator=C27(0603)
Add component (AddParameter): Name = "Category"; Value = "Ceramic Capacitors"; VariantName = "[No Variations]"
Add component (AddParameter): Name = "ComponentLink1Description"; Value = "https://datasheet.octopart.com:443/C1608X7R1H105K080AB-TDK-datasheet-175423548.pdf?src-supplier=IHS"; VariantName = "[No Variations]"
Add component (AddParameter): Name = "ComponentLink1URL"; Value = "https://datasheet.octopart.com:443/C1608X7R1H105K080AB-TDK-datasheet-175423548.pdf?src-supplier=IHS"; VariantName = "[No Variations]"
Add component (AddParameter): Name = "Dielectric Material"; Value = "Ceramic"; VariantName = "[No Variations]"
Add component (AddParameter): Name = "Height"; Value = "800µm"; VariantName = "[No Variations]"
Add component (AddParameter): Name = "Kucište"; Value = "0603"; VariantName = "[No Variations]"
Add component (AddParameter): Name = "Length"; Value = "1.6mm"; VariantName = "[No Variations]"
Add component (AddParameter): Name = "Lifecycle Status"; Value = "Production"; VariantName = "[No Variations]"
Add component (AddParameter): Name = "Manufacturer"; Value = "TDK"; VariantName = "[No Variations]"
Add component (AddParameter): Name = "Manufacturer Part Number"; Value = "C1608X7R1H105K080AB"; VariantName = "[No Variations]"
Add component (AddParameter): Name = "Max Operating Temperature"; Value = "125°C"; VariantName = "[No Variations]"
Add component (AddParameter): Name = "Min Operating Temperature"; Value = "-55°C"; VariantName = "[No Variations]"
Add component (AddParameter): Name = "Mounting Technology"; Value = "Surface Mount"; VariantName = "[No Variations]"
Add component (AddParameter): Name = "Number of Terminals"; Value = "2"; VariantName = "[No Variations]"
Add component (AddParameter): Name = "Pricing"; Value = "1=0.21, 10=0.121, 50=0.0866, 100=0.076, 500=0.05824, 1000=0.05277 (USD)"; VariantName = "[No Variations]"
Add component (AddParameter): Name = "Stock"; Value = "9450"; VariantName = "[No Variations]"
Add component (AddParameter): Name = "Supplier"; Value = "DigiKey"; VariantName = "[No Variations]"
Add component (AddParameter): Name = "Supplier Part Number"; Value = "445-C1608X7R1H105K080ABCT-ND"; VariantName = "[No Variations]"
Add component (AddParameter): Name = "Value"; Value = "1µF"; VariantName = "[No Variations]"
Add component (AddParameter): Name = "Voltage Rating (DC)"; Value = "50V"; VariantName = "[No Variations]"
Add component (AddParameter): Name = "Width"; Value = "800µm"; VariantName = "[No Variations]"
Added Component: Designator=C28(0402)
Add component (AddParameter): Name = "Kucište"; Value = "0402"; VariantName = "[No Variations]"
Add component (AddParameter): Name = "Supplier 1"; Value = "Mouser"; VariantName = "[No Variations]"
Add component (AddParameter): Name = "Supplier Part Number 1"; Value = "581-KAM05ACG1H220FH"; VariantName = "[No Variations]"
Added Component: Designator=C29(0805)
Add component (AddParameter): Name = "Capacitance"; Value = "100nF"; VariantName = "[No Variations]"
Add component (AddParameter): Name = "Case/Package"; Value = "0805"; VariantName = "[No Variations]"
Add component (AddParameter): Name = "Category"; Value = "Ceramic Capacitors"; VariantName = "[No Variations]"
Add component (AddParameter): Name = "ComponentLink1Description"; Value = "https://datasheet.ciiva.com/29534/mlcc-commercial-soft-en-29534235.pdf?src-supplier=Digi-Key"; VariantName = "[No Variations]"
Add component (AddParameter): Name = "Kucište"; Value = "0805"; VariantName = "[No Variations]"
Add component (AddParameter): Name = "Manufacturer"; Value = "TDK"; VariantName = "[No Variations]"
Add component (AddParameter): Name = "Manufacturer Part Number"; Value = "C2012X7R1H104K125AE"; VariantName = "[No Variations]"
Add component (AddParameter): Name = "Supplier 1"; Value = "Mouser"; VariantName = "[No Variations]"
Add component (AddParameter): Name = "Supplier 2"; Value = "Mouser"; VariantName = "[No Variations]"
Add component (AddParameter): Name = "Supplier Part Number 1"; Value = "963-MCJCU21GBB7104KT"; VariantName = "[No Variations]"
Add component (AddParameter): Name = "Supplier Part Number 2"; Value = "810-C2012X7R1H104KAE"; VariantName = "[No Variations]"
Add component (AddParameter): Name = "Value"; Value = "100nF"; VariantName = "[No Variations]"
Added Component: Designator=C30(0805)
Add component (AddParameter): Name = "Capacitance"; Value = "100nF"; VariantName = "[No Variations]"
Add component (AddParameter): Name = "Case/Package"; Value = "0805"; VariantName = "[No Variations]"
Add component (AddParameter): Name = "Category"; Value = "Ceramic Capacitors"; VariantName = "[No Variations]"
Add component (AddParameter): Name = "ComponentLink1Description"; Value = "https://datasheet.ciiva.com/29534/mlcc-commercial-soft-en-29534235.pdf?src-supplier=Digi-Key"; VariantName = "[No Variations]"
Add component (AddParameter): Name = "Kucište"; Value = "0805"; VariantName = "[No Variations]"
Add component (AddParameter): Name = "Manufacturer"; Value = "TDK"; VariantName = "[No Variations]"
Add component (AddParameter): Name = "Manufacturer Part Number"; Value = "C2012X7R1H104K125AE"; VariantName = "[No Variations]"
Add component (AddParameter): Name = "Supplier 1"; Value = "Mouser"; VariantName = "[No Variations]"
Add component (AddParameter): Name = "Supplier 2"; Value = "Mouser"; VariantName = "[No Variations]"
Add component (AddParameter): Name = "Supplier Part Number 1"; Value = "963-MCJCU21GBB7104KT"; VariantName = "[No Variations]"
Add component (AddParameter): Name = "Supplier Part Number 2"; Value = "810-C2012X7R1H104KAE"; VariantName = "[No Variations]"
Add component (AddParameter): Name = "Value"; Value = "100nF"; VariantName = "[No Variations]"
Added Component: Designator=D1(0805)
Add component (AddParameter): Name = "Case/Package"; Value = "0805"; VariantName = "[No Variations]"
Add component (AddParameter): Name = "Category"; Value = "LEDs"; VariantName = "[No Variations]"
Add component (AddParameter): Name = "ComponentLink1Description"; Value = "https://datasheet.ciiva.com/16487/sm0805gcl-16487554.pdf?src-supplier=Future+Electronics"; VariantName = "[No Variations]"
Add component (AddParameter): Name = "Kucište"; Value = "0805"; VariantName = "[No Variations]"
Add component (AddParameter): Name = "Manufacturer"; Value = "Bivar"; VariantName = "[No Variations]"
Add component (AddParameter): Name = "Manufacturer Part Number"; Value = "SM0805GCL"; VariantName = "[No Variations]"
Add component (AddParameter): Name = "Supplier 1"; Value = "Mouser"; VariantName = "[No Variations]"
Add component (AddParameter): Name = "Supplier Part Number 1"; Value = "749-SM0805GCL"; VariantName = "[No Variations]"
Add component (AddParameter): Name = "Value"; Value = ""; VariantName = "[No Variations]"
Added Component: Designator=D2(0805)
Add component (AddParameter): Name = "Case/Package"; Value = "0805"; VariantName = "[No Variations]"
Add component (AddParameter): Name = "Category"; Value = "LEDs"; VariantName = "[No Variations]"
Add component (AddParameter): Name = "ComponentLink1Description"; Value = "https://datasheet.ciiva.com/16487/sm0805gcl-16487554.pdf?src-supplier=Future+Electronics"; VariantName = "[No Variations]"
Add component (AddParameter): Name = "Kucište"; Value = "0805"; VariantName = "[No Variations]"
Add component (AddParameter): Name = "Manufacturer"; Value = "Bivar"; VariantName = "[No Variations]"
Add component (AddParameter): Name = "Manufacturer Part Number"; Value = "SM0805GCL"; VariantName = "[No Variations]"
Add component (AddParameter): Name = "Supplier 1"; Value = "Mouser"; VariantName = "[No Variations]"
Add component (AddParameter): Name = "Supplier Part Number 1"; Value = "749-SM0805GCL"; VariantName = "[No Variations]"
Add component (AddParameter): Name = "Value"; Value = ""; VariantName = "[No Variations]"
Added Component: Designator=D3(0805)
Add component (AddParameter): Name = "Case/Package"; Value = "0805"; VariantName = "[No Variations]"
Add component (AddParameter): Name = "Category"; Value = "LEDs"; VariantName = "[No Variations]"
Add component (AddParameter): Name = "ComponentLink1Description"; Value = "https://datasheet.ciiva.com/16487/sm0805gcl-16487554.pdf?src-supplier=Future+Electronics"; VariantName = "[No Variations]"
Add component (AddParameter): Name = "Kucište"; Value = "0805"; VariantName = "[No Variations]"
Add component (AddParameter): Name = "Manufacturer"; Value = "Bivar"; VariantName = "[No Variations]"
Add component (AddParameter): Name = "Manufacturer Part Number"; Value = "SM0805GCL"; VariantName = "[No Variations]"
Add component (AddParameter): Name = "Supplier 1"; Value = "Mouser"; VariantName = "[No Variations]"
Add component (AddParameter): Name = "Supplier Part Number 1"; Value = "749-SM0805GCL"; VariantName = "[No Variations]"
Add component (AddParameter): Name = "Value"; Value = ""; VariantName = "[No Variations]"
Added Component: Designator=FB1(0805)
Add component (AddParameter): Name = "Case/Package"; Value = "0805"; VariantName = "[No Variations]"
Add component (AddParameter): Name = "Category"; Value = "Inductors"; VariantName = "[No Variations]"
Add component (AddParameter): Name = "ComponentLink1Description"; Value = "https://datasheet.ciiva.com/46634/beads-commercial-power-mpz-en-46634335.pdf?src-supplier=Digi-Key"; VariantName = "[No Variations]"
Add component (AddParameter): Name = "Kucište"; Value = "0805"; VariantName = "[No Variations]"
Add component (AddParameter): Name = "Manufacturer"; Value = "TDK"; VariantName = "[No Variations]"
Add component (AddParameter): Name = "Manufacturer Part Number"; Value = "MPZ2012S601AT000"; VariantName = "[No Variations]"
Add component (AddParameter): Name = "Supplier 1"; Value = "Mouser"; VariantName = "[No Variations]"
Add component (AddParameter): Name = "Supplier Part Number 1"; Value = "810-MPZ2012S601AT000"; VariantName = "[No Variations]"
Add component (AddParameter): Name = "Value"; Value = ""; VariantName = "[No Variations]"
Added Component: Designator=IPD1(IPD)
Add component (AddParameter): Name = "Category"; Value = "Integrated Passive Device"; VariantName = "[No Variations]"
Add component (AddParameter): Name = "ComponentLink1Description"; Value = "http://www.farnell.com/datasheets/2802556.pdf?src-supplier=Farnell"; VariantName = "[No Variations]"
Add component (AddParameter): Name = "Manufacturer"; Value = "STMicroelectronics"; VariantName = "[No Variations]"
Add component (AddParameter): Name = "Manufacturer Part Number"; Value = "MLPF-WB55-01E3"; VariantName = "[No Variations]"
Add component (AddParameter): Name = "Supplier 1"; Value = "Mouser"; VariantName = "[No Variations]"
Add component (AddParameter): Name = "Supplier Part Number 1"; Value = "511-MLPF-WB55-01E3"; VariantName = "[No Variations]"
Add component (AddParameter): Name = "Value"; Value = ""; VariantName = "[No Variations]"
Added Component: Designator=J1(USB4135GFA)
Add component (AddParameter): Name = "Arrow Part Number"; Value = ""; VariantName = "[No Variations]"
Add component (AddParameter): Name = "Arrow Price/Stock"; Value = ""; VariantName = "[No Variations]"
Add component (AddParameter): Name = "Datasheet Link"; Value = "https://ar.mouser.com/datasheet/2/837/usb4135-2930399.pdf"; VariantName = "[No Variations]"
Add component (AddParameter): Name = "Geometry.Height"; Value = "3.5mm"; VariantName = "[No Variations]"
Add component (AddParameter): Name = "Manufacturer_Name"; Value = "GCT (GLOBAL CONNECTOR TECHNOLOGY)"; VariantName = "[No Variations]"
Add component (AddParameter): Name = "Manufacturer_Part_Number"; Value = "USB4135-GF-A"; VariantName = "[No Variations]"
Add component (AddParameter): Name = "Mouser Part Number"; Value = "640-USB4135-GF-A"; VariantName = "[No Variations]"
Add component (AddParameter): Name = "Mouser Price/Stock"; Value = "https://www.mouser.co.uk/ProductDetail/GCT/USB4135-GF-A?qs=Li%252BoUPsLEnt6HRo6RUvaXA%3D%3D"; VariantName = "[No Variations]"
Add component (AddParameter): Name = "Supplier 1"; Value = "Farnell"; VariantName = "[No Variations]"
Add component (AddParameter): Name = "Supplier Part Number 1"; Value = "3946920"; VariantName = "[No Variations]"
Added Component: Designator=L1(0805)
Add component (AddParameter): Name = "Case/Package"; Value = "0805"; VariantName = "[No Variations]"
Add component (AddParameter): Name = "Category"; Value = "Fixed Inductors"; VariantName = "[No Variations]"
Add component (AddParameter): Name = "ComponentLink1Description"; Value = "https://datasheet.ciiva.com/18088/getdatasheetpartid-74214-18088963.pdf?src-supplier=Verical"; VariantName = "[No Variations]"
Add component (AddParameter): Name = "Kucište"; Value = "0805"; VariantName = "[No Variations]"
Add component (AddParameter): Name = "Manufacturer"; Value = "Murata"; VariantName = "[No Variations]"
Add component (AddParameter): Name = "Manufacturer Part Number"; Value = "LQM21FN100M70L"; VariantName = "[No Variations]"
Add component (AddParameter): Name = "Supplier 1"; Value = "Avnet"; VariantName = "[No Variations]"
Add component (AddParameter): Name = "Supplier 2"; Value = "Mouser"; VariantName = "[No Variations]"
Add component (AddParameter): Name = "Supplier Part Number 1"; Value = "LQM21FN100M70L"; VariantName = "[No Variations]"
Add component (AddParameter): Name = "Supplier Part Number 2"; Value = "81-LQM21FN100M70L"; VariantName = "[No Variations]"
Add component (AddParameter): Name = "Value"; Value = "10uH"; VariantName = "[No Variations]"
Added Component: Designator=L2(0805)
Add component (AddParameter): Name = "Case Code (Imperial)"; Value = "0402"; VariantName = "[No Variations]"
Add component (AddParameter): Name = "Case Code (Metric)"; Value = "1005"; VariantName = "[No Variations]"
Add component (AddParameter): Name = "Case/Package"; Value = "0805"; VariantName = "[No Variations]"
Add component (AddParameter): Name = "Category"; Value = "Fixed Inductors"; VariantName = "[No Variations]"
Add component (AddParameter): Name = "ComponentLink1Description"; Value = "https://datasheet.octopart.com:443/MCMR04X000-PTL-Multicomp-datasheet-10850617.pdf?src-supplier=IHS"; VariantName = "[No Variations]"
Add component (AddParameter): Name = "ComponentLink1URL"; Value = "https://datasheet.octopart.com:443/MCMR04X000-PTL-Multicomp-datasheet-10850617.pdf?src-supplier=IHS"; VariantName = "[No Variations]"
Add component (AddParameter): Name = "ComponentLink2Description"; Value = "https://datasheet.octopart.com:443/MCMR04X000-PTL-Multicomp-datasheet-99731353.pdf?src-supplier=Farnell"; VariantName = "[No Variations]"
Add component (AddParameter): Name = "ComponentLink2URL"; Value = "https://datasheet.octopart.com:443/MCMR04X000-PTL-Multicomp-datasheet-99731353.pdf?src-supplier=Farnell"; VariantName = "[No Variations]"
Add component (AddParameter): Name = "ComponentLink3Description"; Value = "https://datasheet.octopart.com:443/MCMR04X000-PTL-Multicomp-datasheet-15896274.pdf?src-supplier=Newark"; VariantName = "[No Variations]"
Add component (AddParameter): Name = "ComponentLink3URL"; Value = "https://datasheet.octopart.com:443/MCMR04X000-PTL-Multicomp-datasheet-15896274.pdf?src-supplier=Newark"; VariantName = "[No Variations]"
Add component (AddParameter): Name = "Composition"; Value = "Ceramic"; VariantName = "[No Variations]"
Add component (AddParameter): Name = "Contact Plating"; Value = "Tin"; VariantName = "[No Variations]"
Add component (AddParameter): Name = "Kucište"; Value = "0805"; VariantName = "[No Variations]"
Add component (AddParameter): Name = "Lifecycle Status"; Value = "Production"; VariantName = "[No Variations]"
Add component (AddParameter): Name = "Manufacturer"; Value = "Abracon"; VariantName = "[No Variations]"
Add component (AddParameter): Name = "Manufacturer Part Number"; Value = "AIMC-0805-10NJ-T"; VariantName = "[No Variations]"
Add component (AddParameter): Name = "Max Operating Temperature"; Value = "155°C"; VariantName = "[No Variations]"
Add component (AddParameter): Name = "Min Operating Temperature"; Value = "-55°C"; VariantName = "[No Variations]"
Add component (AddParameter): Name = "Mounting Technology"; Value = "Surface Mount"; VariantName = "[No Variations]"
Add component (AddParameter): Name = "Number of Terminals"; Value = "2"; VariantName = "[No Variations]"
Add component (AddParameter): Name = "Packaging"; Value = "Cut Tape"; VariantName = "[No Variations]"
Add component (AddParameter): Name = "Power Dissipation"; Value = "62.5mW"; VariantName = "[No Variations]"
Add component (AddParameter): Name = "Power Rating"; Value = "62.5mW"; VariantName = "[No Variations]"
Add component (AddParameter): Name = "Pricing"; Value = "10000=0.0033, 50000=0.0029 (GBP)"; VariantName = "[No Variations]"
Add component (AddParameter): Name = "REACH SVHC"; Value = "No"; VariantName = "[No Variations]"
Add component (AddParameter): Name = "RoHS"; Value = "Compliant"; VariantName = "[No Variations]"
Add component (AddParameter): Name = "Stock"; Value = "490000"; VariantName = "[No Variations]"
Add component (AddParameter): Name = "Supplier"; Value = "Farnell"; VariantName = "[No Variations]"
Add component (AddParameter): Name = "Supplier 1"; Value = "Mouser"; VariantName = "[No Variations]"
Add component (AddParameter): Name = "Supplier Part Number"; Value = "2692041"; VariantName = "[No Variations]"
Add component (AddParameter): Name = "Supplier Part Number 1"; Value = "815-AIMC-0805-10NJT"; VariantName = "[No Variations]"
Add component (AddParameter): Name = "Temperature Coefficient"; Value = "400ppm/°C"; VariantName = "[No Variations]"
Add component (AddParameter): Name = "Value"; Value = "10nH"; VariantName = "[No Variations]"
Add component (AddParameter): Name = "Voltage Rating"; Value = "50V"; VariantName = "[No Variations]"
Add component (AddParameter): Name = "Voltage Rating (DC)"; Value = "50V"; VariantName = "[No Variations]"
Added Component: Designator=L3(0402)
Add component (AddParameter): Name = "Case/Package"; Value = "0402"; VariantName = "[No Variations]"
Add component (AddParameter): Name = "Category"; Value = "Fixed Inductors"; VariantName = "[No Variations]"
Add component (AddParameter): Name = "Kucište"; Value = "0402"; VariantName = "[No Variations]"
Add component (AddParameter): Name = "Manufacturer"; Value = "Johanson"; VariantName = "[No Variations]"
Add component (AddParameter): Name = "Manufacturer Part Number"; Value = "L-07C3N3SV6T"; VariantName = "[No Variations]"
Add component (AddParameter): Name = "Supplier 1"; Value = "Mouser"; VariantName = "[No Variations]"
Add component (AddParameter): Name = "Supplier 2"; Value = "Farnell"; VariantName = "[No Variations]"
Add component (AddParameter): Name = "Supplier Part Number 1"; Value = "609-L-07C3N3SV6T"; VariantName = "[No Variations]"
Add component (AddParameter): Name = "Supplier Part Number 2"; Value = "3773633"; VariantName = "[No Variations]"
Add component (AddParameter): Name = "Value"; Value = "3.3nH"; VariantName = "[No Variations]"
Added Component: Designator=L4(0402)
Add component (AddParameter): Name = "Case/Package"; Value = "0402"; VariantName = "[No Variations]"
Add component (AddParameter): Name = "Category"; Value = "Fixed Inductors"; VariantName = "[No Variations]"
Add component (AddParameter): Name = "ComponentLink1Description"; Value = "https://datasheet.ciiva.com/1473/1168792-1473898.pdf?src-supplier=Element14"; VariantName = "[No Variations]"
Add component (AddParameter): Name = "Kucište"; Value = "0402"; VariantName = "[No Variations]"
Add component (AddParameter): Name = "Manufacturer"; Value = "Johanson"; VariantName = "[No Variations]"
Add component (AddParameter): Name = "Manufacturer Part Number"; Value = "L-07C2N7SV6T"; VariantName = "[No Variations]"
Add component (AddParameter): Name = "Supplier 1"; Value = "Mouser"; VariantName = "[No Variations]"
Add component (AddParameter): Name = "Supplier 2"; Value = "DigiKey"; VariantName = "[No Variations]"
Add component (AddParameter): Name = "Supplier Part Number 1"; Value = "609-L-07C2N7SV6T"; VariantName = "[No Variations]"
Add component (AddParameter): Name = "Supplier Part Number 2"; Value = "712-LRC0402CS2N7GV001TCT-ND"; VariantName = "[No Variations]"
Add component (AddParameter): Name = "Value"; Value = "2.7nH"; VariantName = "[No Variations]"
Added Component: Designator=R1(0805)
Add component (AddParameter): Name = "Case/Package"; Value = "0805"; VariantName = "[No Variations]"
Add component (AddParameter): Name = "Category"; Value = "Chip SMD Resistors"; VariantName = "[No Variations]"
Add component (AddParameter): Name = "ComponentLink1Description"; Value = "http://www.yageo.com/NewPortal/yageodocoutput?fileName=/pdf/R-Chip/PYu-AC_51_RoHS_L_6.pdf&src-supplier=Digi-Key"; VariantName = "[No Variations]"
Add component (AddParameter): Name = "Kucište"; Value = "0805"; VariantName = "[No Variations]"
Add component (AddParameter): Name = "Manufacturer"; Value = "Yageo"; VariantName = "[No Variations]"
Add component (AddParameter): Name = "Manufacturer Part Number"; Value = "AC0805FR-0749R9L"; VariantName = "[No Variations]"
Add component (AddParameter): Name = "Supplier 1"; Value = "Mouser"; VariantName = "[No Variations]"
Add component (AddParameter): Name = "Supplier Part Number 1"; Value = "603-AC0805FR-0749R9L"; VariantName = "[No Variations]"
Add component (AddParameter): Name = "Value"; Value = "49,9"; VariantName = "[No Variations]"
Added Component: Designator=R2(0805)
Add component (AddParameter): Name = "Category"; Value = "Resistors"; VariantName = "[No Variations]"
Add component (AddParameter): Name = "Kucište"; Value = "0805"; VariantName = "[No Variations]"
Add component (AddParameter): Name = "Manufacturer"; Value = "Yageo"; VariantName = "[No Variations]"
Add component (AddParameter): Name = "Manufacturer Part Number"; Value = "RC0805FR-102KL"; VariantName = "[No Variations]"
Add component (AddParameter): Name = "Supplier 1"; Value = "Mouser"; VariantName = "[No Variations]"
Add component (AddParameter): Name = "Supplier Part Number 1"; Value = "603-RC0805FR-102KL"; VariantName = "[No Variations]"
Added Component: Designator=R3(0805)
Add component (AddParameter): Name = "Case/Package"; Value = "0805"; VariantName = "[No Variations]"
Add component (AddParameter): Name = "Category"; Value = "Chip SMD Resistors"; VariantName = "[No Variations]"
Add component (AddParameter): Name = "ComponentLink1Description"; Value = "http://www.yageo.com/NewPortal/yageodocoutput?fileName=/pdf/R-Chip/PYu-AC_51_RoHS_L_6.pdf&src-supplier=Digi-Key"; VariantName = "[No Variations]"
Add component (AddParameter): Name = "Kucište"; Value = "0805"; VariantName = "[No Variations]"
Add component (AddParameter): Name = "Manufacturer"; Value = "Yageo"; VariantName = "[No Variations]"
Add component (AddParameter): Name = "Manufacturer Part Number"; Value = "AC0805FR-0749R9L"; VariantName = "[No Variations]"
Add component (AddParameter): Name = "Supplier 1"; Value = "Mouser"; VariantName = "[No Variations]"
Add component (AddParameter): Name = "Supplier Part Number 1"; Value = "603-AC0805FR-0749R9L"; VariantName = "[No Variations]"
Add component (AddParameter): Name = "Value"; Value = "49,9"; VariantName = "[No Variations]"
Added Component: Designator=R4(0805)
Add component (AddParameter): Name = "Case/Package"; Value = "0805"; VariantName = "[No Variations]"
Add component (AddParameter): Name = "Category"; Value = "Chip SMD Resistors"; VariantName = "[No Variations]"
Add component (AddParameter): Name = "ComponentLink1Description"; Value = "https://datasheet.ciiva.com/12577/pyu-ac-51-rohs-l-2-12577194.pdf?src-supplier=Mouser"; VariantName = "[No Variations]"
Add component (AddParameter): Name = "Kucište"; Value = "0805"; VariantName = "[No Variations]"
Add component (AddParameter): Name = "Manufacturer"; Value = "Yageo"; VariantName = "[No Variations]"
Add component (AddParameter): Name = "Manufacturer Part Number"; Value = "AC0805FR-074R7L"; VariantName = "[No Variations]"
Add component (AddParameter): Name = "Supplier 1"; Value = "Mouser"; VariantName = "[No Variations]"
Add component (AddParameter): Name = "Supplier Part Number 1"; Value = "603-AC0805FR-074R7L"; VariantName = "[No Variations]"
Add component (AddParameter): Name = "Value"; Value = "4.7"; VariantName = "[No Variations]"
Added Component: Designator=R5(0805)
Add component (AddParameter): Name = "Case"; Value = "0805"; VariantName = "[No Variations]"
Add component (AddParameter): Name = "Case/Package"; Value = "0805"; VariantName = "[No Variations]"
Add component (AddParameter): Name = "Category"; Value = "Chip SMD Resistors"; VariantName = "[No Variations]"
Add component (AddParameter): Name = "Kucište"; Value = ""; VariantName = "[No Variations]"
Add component (AddParameter): Name = "Manufacturer"; Value = "Yageo"; VariantName = "[No Variations]"
Add component (AddParameter): Name = "Manufacturer Part Number"; Value = "RC0805FR-0752R3L"; VariantName = "[No Variations]"
Add component (AddParameter): Name = "Supplier 1"; Value = "Mouser"; VariantName = "[No Variations]"
Add component (AddParameter): Name = "Supplier Part Number 1"; Value = "603-RC0805FR-0752R3L"; VariantName = "[No Variations]"
Add component (AddParameter): Name = "Value"; Value = "52.3"; VariantName = "[No Variations]"
Added Component: Designator=R6(0402)
Add component (AddParameter): Name = "Kucište"; Value = "0402"; VariantName = "[No Variations]"
Add component (AddParameter): Name = "Supplier 1"; Value = "Farnell"; VariantName = "[No Variations]"
Add component (AddParameter): Name = "Supplier Part Number 1"; Value = "MCMR04X000 PTL"; VariantName = "[No Variations]"
Added Component: Designator=R7(0805)
Add component (AddParameter): Name = "Case/Package"; Value = "0805"; VariantName = "[No Variations]"
Add component (AddParameter): Name = "Category"; Value = "Chip SMD Resistors"; VariantName = "[No Variations]"
Add component (AddParameter): Name = "ComponentLink1Description"; Value = "http://www.yageo.com/NewPortal/yageodocoutput?fileName=/pdf/R-Chip/PYu-AC_51_RoHS_L_6.pdf&src-supplier=Digi-Key"; VariantName = "[No Variations]"
Add component (AddParameter): Name = "Kucište"; Value = "0805"; VariantName = "[No Variations]"
Add component (AddParameter): Name = "Manufacturer"; Value = "Yageo"; VariantName = "[No Variations]"
Add component (AddParameter): Name = "Manufacturer Part Number"; Value = "AC0805FR-0749R9L"; VariantName = "[No Variations]"
Add component (AddParameter): Name = "Supplier 1"; Value = "Mouser"; VariantName = "[No Variations]"
Add component (AddParameter): Name = "Supplier Part Number 1"; Value = "603-AC0805FR-0749R9L"; VariantName = "[No Variations]"
Add component (AddParameter): Name = "Value"; Value = "49,9"; VariantName = "[No Variations]"
Added Component: Designator=R8(0805)
Add component (AddParameter): Name = "Case/Package"; Value = "0805"; VariantName = "[No Variations]"
Add component (AddParameter): Name = "Category"; Value = "Chip SMD Resistors"; VariantName = "[No Variations]"
Add component (AddParameter): Name = "ComponentLink1Description"; Value = "https://datasheet.ciiva.com/7983/444164-7983765.pdf?src-supplier=Element14"; VariantName = "[No Variations]"
Add component (AddParameter): Name = "Kucište"; Value = "0805"; VariantName = "[No Variations]"
Add component (AddParameter): Name = "Manufacturer"; Value = "Yageo"; VariantName = "[No Variations]"
Add component (AddParameter): Name = "Manufacturer Part Number"; Value = "RC0805JR-0710KL"; VariantName = "[No Variations]"
Add component (AddParameter): Name = "Supplier 1"; Value = "Mouser"; VariantName = "[No Variations]"
Add component (AddParameter): Name = "Supplier Part Number 1"; Value = "603-RC0805JR-0710KL"; VariantName = "[No Variations]"
Add component (AddParameter): Name = "Value"; Value = "10k"; VariantName = "[No Variations]"
Added Component: Designator=R9(0805)
Add component (AddParameter): Name = "Case/Package"; Value = "0805"; VariantName = "[No Variations]"
Add component (AddParameter): Name = "Category"; Value = "Chip SMD Resistors"; VariantName = "[No Variations]"
Add component (AddParameter): Name = "ComponentLink1Description"; Value = "http://www.yageo.com/NewPortal/yageodocoutput?fileName=/pdf/R-Chip/PYu-AC_51_RoHS_L_6.pdf&src-supplier=Digi-Key"; VariantName = "[No Variations]"
Add component (AddParameter): Name = "Kucište"; Value = "0805"; VariantName = "[No Variations]"
Add component (AddParameter): Name = "Manufacturer"; Value = "Yageo"; VariantName = "[No Variations]"
Add component (AddParameter): Name = "Manufacturer Part Number"; Value = "AC0805FR-0749R9L"; VariantName = "[No Variations]"
Add component (AddParameter): Name = "Supplier 1"; Value = "Mouser"; VariantName = "[No Variations]"
Add component (AddParameter): Name = "Supplier Part Number 1"; Value = "603-AC0805FR-0749R9L"; VariantName = "[No Variations]"
Add component (AddParameter): Name = "Value"; Value = "49,9"; VariantName = "[No Variations]"
Added Component: Designator=R10(0402)
Add component (AddParameter): Name = "Kucište"; Value = "0402"; VariantName = "[No Variations]"
Add component (AddParameter): Name = "Supplier 1"; Value = "Farnell"; VariantName = "[No Variations]"
Add component (AddParameter): Name = "Supplier Part Number 1"; Value = "NTCG103JF103FT1S"; VariantName = "[No Variations]"
Added Component: Designator=R11(0805)
Add component (AddParameter): Name = "Category"; Value = "Resistors"; VariantName = "[No Variations]"
Add component (AddParameter): Name = "Kucište"; Value = "0805"; VariantName = "[No Variations]"
Add component (AddParameter): Name = "Manufacturer"; Value = "Yageo"; VariantName = "[No Variations]"
Add component (AddParameter): Name = "Manufacturer Part Number"; Value = "RC0805FR-102KL"; VariantName = "[No Variations]"
Add component (AddParameter): Name = "Supplier 1"; Value = "Mouser"; VariantName = "[No Variations]"
Add component (AddParameter): Name = "Supplier Part Number 1"; Value = "603-RC0805FR-102KL"; VariantName = "[No Variations]"
Added Component: Designator=R12(0603)
Add component (AddParameter): Name = "Case Code (Imperial)"; Value = "0603"; VariantName = "[No Variations]"
Add component (AddParameter): Name = "Case Code (Metric)"; Value = "1608"; VariantName = "[No Variations]"
Add component (AddParameter): Name = "Case/Package"; Value = "0603"; VariantName = "[No Variations]"
Add component (AddParameter): Name = "Category"; Value = "Chip SMD Resistors"; VariantName = "[No Variations]"
Add component (AddParameter): Name = "China RoHS"; Value = "Non-Compliant"; VariantName = "[No Variations]"
Add component (AddParameter): Name = "ComponentLink1Description"; Value = "https://datasheet.octopart.com:443/AC0603FR-075K1L-Yageo-datasheet-182189377.pdf?src-supplier=IHS"; VariantName = "[No Variations]"
Add component (AddParameter): Name = "ComponentLink1URL"; Value = "https://datasheet.octopart.com:443/AC0603FR-075K1L-Yageo-datasheet-182189377.pdf?src-supplier=IHS"; VariantName = "[No Variations]"
Add component (AddParameter): Name = "ComponentLink2Description"; Value = "https://datasheet.octopart.com:443/AC0603FR-075K1L-Yageo-datasheet-86786639.pdf?src-supplier=Upverter"; VariantName = "[No Variations]"
Add component (AddParameter): Name = "ComponentLink2URL"; Value = "https://datasheet.octopart.com:443/AC0603FR-075K1L-Yageo-datasheet-86786639.pdf?src-supplier=Upverter"; VariantName = "[No Variations]"
Add component (AddParameter): Name = "ComponentLink3Description"; Value = "https://datasheet.octopart.com:443/AC0603FR-075K1L-Yageo-datasheet-178509465.pdf?src-supplier=Newark"; VariantName = "[No Variations]"
Add component (AddParameter): Name = "ComponentLink3URL"; Value = "https://datasheet.octopart.com:443/AC0603FR-075K1L-Yageo-datasheet-178509465.pdf?src-supplier=Newark"; VariantName = "[No Variations]"
Add component (AddParameter): Name = "ComponentLink4Description"; Value = "https://datasheet.octopart.com:443/AC0603FR-075K1L-Yageo-datasheet-151884373.pdf?src-supplier=Future+Electronics"; VariantName = "[No Variations]"
Add component (AddParameter): Name = "ComponentLink4URL"; Value = "https://datasheet.octopart.com:443/AC0603FR-075K1L-Yageo-datasheet-151884373.pdf?src-supplier=Future+Electronics"; VariantName = "[No Variations]"
Add component (AddParameter): Name = "ComponentLink5Description"; Value = "https://datasheet.octopart.com:443/AC0603FR-075K1L-Yageo-datasheet-166720450.pdf?src-supplier=Future+Electronics"; VariantName = "[No Variations]"
Add component (AddParameter): Name = "ComponentLink5URL"; Value = "https://datasheet.octopart.com:443/AC0603FR-075K1L-Yageo-datasheet-166720450.pdf?src-supplier=Future+Electronics"; VariantName = "[No Variations]"
Add component (AddParameter): Name = "ComponentLink6Description"; Value = "https://datasheet.octopart.com:443/AC0603FR-075K1L-Yageo-datasheet-137699919.pdf?src-supplier=Future+Electronics"; VariantName = "[No Variations]"
Add component (AddParameter): Name = "ComponentLink6URL"; Value = "https://datasheet.octopart.com:443/AC0603FR-075K1L-Yageo-datasheet-137699919.pdf?src-supplier=Future+Electronics"; VariantName = "[No Variations]"
Add component (AddParameter): Name = "ComponentLink7Description"; Value = "https://datasheet.octopart.com:443/AC0603FR-075K1L-Yageo-datasheet-128679721.pdf?src-supplier=X-ON"; VariantName = "[No Variations]"
Add component (AddParameter): Name = "ComponentLink7URL"; Value = "https://datasheet.octopart.com:443/AC0603FR-075K1L-Yageo-datasheet-128679721.pdf?src-supplier=X-ON"; VariantName = "[No Variations]"
Add component (AddParameter): Name = "ComponentLink8Description"; Value = "https://datasheet.octopart.com/AC0603FR-075K1L-Yageo-datasheet-12512238.pdf"; VariantName = "[No Variations]"
Add component (AddParameter): Name = "ComponentLink8URL"; Value = "https://datasheet.octopart.com/AC0603FR-075K1L-Yageo-datasheet-12512238.pdf"; VariantName = "[No Variations]"
Add component (AddParameter): Name = "ComponentLink9Description"; Value = "https://datasheet.octopart.com:443/AC0603FR-075K1L-Yageo-Group-datasheet-190301926.pdf?src-supplier=element14+APAC"; VariantName = "[No Variations]"
Add component (AddParameter): Name = "ComponentLink9URL"; Value = "https://datasheet.octopart.com:443/AC0603FR-075K1L-Yageo-Group-datasheet-190301926.pdf?src-supplier=element14+APAC"; VariantName = "[No Variations]"
Add component (AddParameter): Name = "ComponentLink10Description"; Value = "http://sigma.octopart.com:80/conflict_mineral_statement/Yageo-company-3.pdf?src-supplier=Compliance+Statements"; VariantName = "[No Variations]"
Add component (AddParameter): Name = "ComponentLink10URL"; Value = "http://sigma.octopart.com:80/conflict_mineral_statement/Yageo-company-3.pdf?src-supplier=Compliance+Statements"; VariantName = "[No Variations]"
Add component (AddParameter): Name = "ComponentLink11Description"; Value = "http://sigma.octopart.com:80/rohs_statement/Yageo-company-2.pdf?src-supplier=Compliance+Statements"; VariantName = "[No Variations]"
Add component (AddParameter): Name = "ComponentLink11URL"; Value = "http://sigma.octopart.com:80/rohs_statement/Yageo-company-2.pdf?src-supplier=Compliance+Statements"; VariantName = "[No Variations]"
Add component (AddParameter): Name = "Composition"; Value = "Thick Film"; VariantName = "[No Variations]"
Add component (AddParameter): Name = "Features"; Value = "Automotive AEC-Q200, Moisture Resistant"; VariantName = "[No Variations]"
Add component (AddParameter): Name = "Height"; Value = "450µm"; VariantName = "[No Variations]"
Add component (AddParameter): Name = "Kucište"; Value = "0603"; VariantName = "[No Variations]"
Add component (AddParameter): Name = "Length"; Value = "1.6mm"; VariantName = "[No Variations]"
Add component (AddParameter): Name = "Lifecycle Status"; Value = "Production"; VariantName = "[No Variations]"
Add component (AddParameter): Name = "Manufacturer"; Value = "Yageo Group"; VariantName = "[No Variations]"
Add component (AddParameter): Name = "Manufacturer Part Number"; Value = "AC0603FR-075K1L"; VariantName = "[No Variations]"
Add component (AddParameter): Name = "Max Operating Temperature"; Value = "155°C"; VariantName = "[No Variations]"
Add component (AddParameter): Name = "Max Power Dissipation"; Value = "100mW"; VariantName = "[No Variations]"
Add component (AddParameter): Name = "Min Operating Temperature"; Value = "-55°C"; VariantName = "[No Variations]"
Add component (AddParameter): Name = "Mounting Technology"; Value = "Surface Mount"; VariantName = "[No Variations]"
Add component (AddParameter): Name = "Number of Terminals"; Value = "2"; VariantName = "[No Variations]"
Add component (AddParameter): Name = "Number of Terminations"; Value = "2"; VariantName = "[No Variations]"
Add component (AddParameter): Name = "Packaging"; Value = "Tape & Reel"; VariantName = "[No Variations]"
Add component (AddParameter): Name = "Power Dissipation"; Value = "100mW"; VariantName = "[No Variations]"
Add component (AddParameter): Name = "Power Rating"; Value = "100mW"; VariantName = "[No Variations]"
Add component (AddParameter): Name = "Pricing"; Value = "500=0.005, 2500=0.005, 5000=0.004, 7500=0.004, 10000=0.004 (GBP)"; VariantName = "[No Variations]"
Add component (AddParameter): Name = "REACH SVHC"; Value = "Yes"; VariantName = "[No Variations]"
Add component (AddParameter): Name = "RoHS"; Value = "Compliant"; VariantName = "[No Variations]"
Add component (AddParameter): Name = "Schedule B"; Value = "8533210045, 8533210045|8533210045|8533210045|8533210045|8533210045|8533210045|8533210045|8533210045|8533210045|8533210045|8533210045|8533210045|8533210045|8533210045|8533210045|8533210045|8533210045|8533210045|8533210045|8533210045|8533210045|8533210045|8533210045|85"; VariantName = "[No Variations]"
Add component (AddParameter): Name = "Stock"; Value = "3500"; VariantName = "[No Variations]"
Add component (AddParameter): Name = "Supplier"; Value = "RS"; VariantName = "[No Variations]"
Add component (AddParameter): Name = "Supplier 1"; Value = "RS"; VariantName = "[No Variations]"
Add component (AddParameter): Name = "Supplier Part Number"; Value = "1978087"; VariantName = "[No Variations]"
Add component (AddParameter): Name = "Supplier Part Number 1"; Value = "1978087"; VariantName = "[No Variations]"
Add component (AddParameter): Name = "Temperature Coefficient"; Value = "100ppm/°C"; VariantName = "[No Variations]"
Add component (AddParameter): Name = "Termination"; Value = "SMD/SMT"; VariantName = "[No Variations]"
Add component (AddParameter): Name = "Tolerance"; Value = "1%"; VariantName = "[No Variations]"
Add component (AddParameter): Name = "Value"; Value = "5.1kO"; VariantName = "[No Variations]"
Add component (AddParameter): Name = "Voltage Rating"; Value = "75V"; VariantName = "[No Variations]"
Add component (AddParameter): Name = "Weight"; Value = "2.012816mg"; VariantName = "[No Variations]"
Add component (AddParameter): Name = "Width"; Value = "800µm"; VariantName = "[No Variations]"
Add component (AddParameter): Name = "Working Voltage"; Value = "75V"; VariantName = "[No Variations]"
Added Component: Designator=R13(0805)
Add component (AddParameter): Name = "ComponentLink5Description"; Value = "https://datasheet.octopart.com:443/CRCW12061K50JNEA-Vishay-datasheet-21226360.pdf?src-supplier=Newark"; VariantName = "[No Variations]"
Add component (AddParameter): Name = "ComponentLink5URL"; Value = "https://datasheet.octopart.com:443/CRCW12061K50JNEA-Vishay-datasheet-21226360.pdf?src-supplier=Newark"; VariantName = "[No Variations]"
Add component (AddParameter): Name = "ComponentLink8Description"; Value = "https://datasheet.octopart.com:443/CRCW12061K50JNEA-Vishay-datasheet-24897302.pdf?src-supplier=Farnell"; VariantName = "[No Variations]"
Add component (AddParameter): Name = "ComponentLink8URL"; Value = "https://datasheet.octopart.com:443/CRCW12061K50JNEA-Vishay-datasheet-24897302.pdf?src-supplier=Farnell"; VariantName = "[No Variations]"
Add component (AddParameter): Name = "ComponentLink9Description"; Value = "https://datasheet.octopart.com:443/CRCW12061K50JNEA-Vishay-datasheet-62316122.pdf?src-supplier=Future+Electronics"; VariantName = "[No Variations]"
Add component (AddParameter): Name = "ComponentLink9URL"; Value = "https://datasheet.octopart.com:443/CRCW12061K50JNEA-Vishay-datasheet-62316122.pdf?src-supplier=Future+Electronics"; VariantName = "[No Variations]"
Add component (AddParameter): Name = "ComponentLink10Description"; Value = "https://datasheet.octopart.com:443/CRCW12061K50JNEA-Vishay-datasheet-5300368.pdf?src-supplier=Future+Electronics"; VariantName = "[No Variations]"
Add component (AddParameter): Name = "ComponentLink10URL"; Value = "https://datasheet.octopart.com:443/CRCW12061K50JNEA-Vishay-datasheet-5300368.pdf?src-supplier=Future+Electronics"; VariantName = "[No Variations]"
Add component (AddParameter): Name = "ComponentLink11Description"; Value = "https://datasheet.octopart.com:443/CRCW12061K50JNEA-Vishay-datasheet-137115460.pdf?src-supplier=X-ON"; VariantName = "[No Variations]"
Add component (AddParameter): Name = "ComponentLink11URL"; Value = "https://datasheet.octopart.com:443/CRCW12061K50JNEA-Vishay-datasheet-137115460.pdf?src-supplier=X-ON"; VariantName = "[No Variations]"
Add component (AddParameter): Name = "ComponentLink12Description"; Value = "https://datasheet.octopart.com:443/CRCW12061K50JNEA-Vishay-Dale-datasheet-47688880.pdf?src-supplier=RS+(Formerly+Allied+Electronics)"; VariantName = "[No Variations]"
Add component (AddParameter): Name = "ComponentLink12URL"; Value = "https://datasheet.octopart.com:443/CRCW12061K50JNEA-Vishay-Dale-datasheet-47688880.pdf?src-supplier=RS+(Formerly+Allied+Electronics)"; VariantName = "[No Variations]"
Add component (AddParameter): Name = "ComponentLink13Description"; Value = "https://datasheet.octopart.com:443/CRCW12061K50JNEA-Vishay-datasheet-12001583.pdf?src-supplier=RS+(Formerly+Allied+Electronics)"; VariantName = "[No Variations]"
Add component (AddParameter): Name = "ComponentLink13URL"; Value = "https://datasheet.octopart.com:443/CRCW12061K50JNEA-Vishay-datasheet-12001583.pdf?src-supplier=RS+(Formerly+Allied+Electronics)"; VariantName = "[No Variations]"
Add component (AddParameter): Name = "ComponentLink14Description"; Value = "https://datasheet.octopart.com:443/CRCW12061K50JNEA-Vishay-datasheet-5306405.pdf?src-supplier=RS+(Formerly+Allied+Electronics)"; VariantName = "[No Variations]"
Add component (AddParameter): Name = "ComponentLink14URL"; Value = "https://datasheet.octopart.com:443/CRCW12061K50JNEA-Vishay-datasheet-5306405.pdf?src-supplier=RS+(Formerly+Allied+Electronics)"; VariantName = "[No Variations]"
Add component (AddParameter): Name = "ComponentLink15Description"; Value = "https://datasheet.octopart.com:443/CRCW12061K50JNEA-Vishay-datasheet-11540273.pdf?src-supplier=Arrow+Electronics"; VariantName = "[No Variations]"
Add component (AddParameter): Name = "ComponentLink15URL"; Value = "https://datasheet.octopart.com:443/CRCW12061K50JNEA-Vishay-datasheet-11540273.pdf?src-supplier=Arrow+Electronics"; VariantName = "[No Variations]"
Add component (AddParameter): Name = "ComponentLink16Description"; Value = "https://datasheet.octopart.com:443/CRCW12061K50JNEA-Vishay-datasheet-8445837.pdf?src-supplier=element14"; VariantName = "[No Variations]"
Add component (AddParameter): Name = "ComponentLink16URL"; Value = "https://datasheet.octopart.com:443/CRCW12061K50JNEA-Vishay-datasheet-8445837.pdf?src-supplier=element14"; VariantName = "[No Variations]"
Add component (AddParameter): Name = "ComponentLink17Description"; Value = "https://datasheet.octopart.com:443/CRCW12061K50JNEA-Vishay-datasheet-5377184.pdf?src-supplier=Garrett"; VariantName = "[No Variations]"
Add component (AddParameter): Name = "ComponentLink17URL"; Value = "https://datasheet.octopart.com:443/CRCW12061K50JNEA-Vishay-datasheet-5377184.pdf?src-supplier=Garrett"; VariantName = "[No Variations]"
Add component (AddParameter): Name = "ComponentLink18Description"; Value = "https://datasheet.octopart.com:443/CRCW12061K50JNEA-Vishay-datasheet-148188.pdf?src-supplier=Garrett"; VariantName = "[No Variations]"
Add component (AddParameter): Name = "ComponentLink18URL"; Value = "https://datasheet.octopart.com:443/CRCW12061K50JNEA-Vishay-datasheet-148188.pdf?src-supplier=Garrett"; VariantName = "[No Variations]"
Add component (AddParameter): Name = "ComponentLink19Description"; Value = "https://datasheet.octopart.com:443/CRCW12061K50JNEA-Vishay-datasheet-41916.pdf?src-supplier=Garrett"; VariantName = "[No Variations]"
Add component (AddParameter): Name = "ComponentLink19URL"; Value = "https://datasheet.octopart.com:443/CRCW12061K50JNEA-Vishay-datasheet-41916.pdf?src-supplier=Garrett"; VariantName = "[No Variations]"
Add component (AddParameter): Name = "ComponentLink20Description"; Value = "http://sigma.octopart.com:80/rohs_statement/Vishay-company-15.pdf?src-supplier=Compliance+Statements"; VariantName = "[No Variations]"
Add component (AddParameter): Name = "ComponentLink20URL"; Value = "http://sigma.octopart.com:80/rohs_statement/Vishay-company-15.pdf?src-supplier=Compliance+Statements"; VariantName = "[No Variations]"
Add component (AddParameter): Name = "Kucište"; Value = "0805"; VariantName = "[No Variations]"
Add component (AddParameter): Name = "Parameter 1"; Value = ""; VariantName = "[No Variations]"
Add component (AddParameter): Name = "Supplier 1"; Value = "Farnell"; VariantName = "[No Variations]"
Add component (AddParameter): Name = "Supplier Part Number 1"; Value = "MCU08050C1501FP500"; VariantName = "[No Variations]"
Added Component: Designator=R14(0603)
Add component (AddParameter): Name = "Case Code (Imperial)"; Value = "0603"; VariantName = "[No Variations]"
Add component (AddParameter): Name = "Case Code (Metric)"; Value = "1608"; VariantName = "[No Variations]"
Add component (AddParameter): Name = "Case/Package"; Value = "0603"; VariantName = "[No Variations]"
Add component (AddParameter): Name = "Category"; Value = "Chip SMD Resistors"; VariantName = "[No Variations]"
Add component (AddParameter): Name = "China RoHS"; Value = "Non-Compliant"; VariantName = "[No Variations]"
Add component (AddParameter): Name = "ComponentLink1Description"; Value = "https://datasheet.octopart.com:443/AC0603FR-075K1L-Yageo-datasheet-182189377.pdf?src-supplier=IHS"; VariantName = "[No Variations]"
Add component (AddParameter): Name = "ComponentLink1URL"; Value = "https://datasheet.octopart.com:443/AC0603FR-075K1L-Yageo-datasheet-182189377.pdf?src-supplier=IHS"; VariantName = "[No Variations]"
Add component (AddParameter): Name = "ComponentLink2Description"; Value = "https://datasheet.octopart.com:443/AC0603FR-075K1L-Yageo-datasheet-86786639.pdf?src-supplier=Upverter"; VariantName = "[No Variations]"
Add component (AddParameter): Name = "ComponentLink2URL"; Value = "https://datasheet.octopart.com:443/AC0603FR-075K1L-Yageo-datasheet-86786639.pdf?src-supplier=Upverter"; VariantName = "[No Variations]"
Add component (AddParameter): Name = "ComponentLink3Description"; Value = "https://datasheet.octopart.com:443/AC0603FR-075K1L-Yageo-datasheet-178509465.pdf?src-supplier=Newark"; VariantName = "[No Variations]"
Add component (AddParameter): Name = "ComponentLink3URL"; Value = "https://datasheet.octopart.com:443/AC0603FR-075K1L-Yageo-datasheet-178509465.pdf?src-supplier=Newark"; VariantName = "[No Variations]"
Add component (AddParameter): Name = "ComponentLink4Description"; Value = "https://datasheet.octopart.com:443/AC0603FR-075K1L-Yageo-datasheet-151884373.pdf?src-supplier=Future+Electronics"; VariantName = "[No Variations]"
Add component (AddParameter): Name = "ComponentLink4URL"; Value = "https://datasheet.octopart.com:443/AC0603FR-075K1L-Yageo-datasheet-151884373.pdf?src-supplier=Future+Electronics"; VariantName = "[No Variations]"
Add component (AddParameter): Name = "ComponentLink5Description"; Value = "https://datasheet.octopart.com:443/AC0603FR-075K1L-Yageo-datasheet-166720450.pdf?src-supplier=Future+Electronics"; VariantName = "[No Variations]"
Add component (AddParameter): Name = "ComponentLink5URL"; Value = "https://datasheet.octopart.com:443/AC0603FR-075K1L-Yageo-datasheet-166720450.pdf?src-supplier=Future+Electronics"; VariantName = "[No Variations]"
Add component (AddParameter): Name = "ComponentLink6Description"; Value = "https://datasheet.octopart.com:443/AC0603FR-075K1L-Yageo-datasheet-137699919.pdf?src-supplier=Future+Electronics"; VariantName = "[No Variations]"
Add component (AddParameter): Name = "ComponentLink6URL"; Value = "https://datasheet.octopart.com:443/AC0603FR-075K1L-Yageo-datasheet-137699919.pdf?src-supplier=Future+Electronics"; VariantName = "[No Variations]"
Add component (AddParameter): Name = "ComponentLink7Description"; Value = "https://datasheet.octopart.com:443/AC0603FR-075K1L-Yageo-datasheet-128679721.pdf?src-supplier=X-ON"; VariantName = "[No Variations]"
Add component (AddParameter): Name = "ComponentLink7URL"; Value = "https://datasheet.octopart.com:443/AC0603FR-075K1L-Yageo-datasheet-128679721.pdf?src-supplier=X-ON"; VariantName = "[No Variations]"
Add component (AddParameter): Name = "ComponentLink8Description"; Value = "https://datasheet.octopart.com/AC0603FR-075K1L-Yageo-datasheet-12512238.pdf"; VariantName = "[No Variations]"
Add component (AddParameter): Name = "ComponentLink8URL"; Value = "https://datasheet.octopart.com/AC0603FR-075K1L-Yageo-datasheet-12512238.pdf"; VariantName = "[No Variations]"
Add component (AddParameter): Name = "ComponentLink9Description"; Value = "https://datasheet.octopart.com:443/AC0603FR-075K1L-Yageo-Group-datasheet-190301926.pdf?src-supplier=element14+APAC"; VariantName = "[No Variations]"
Add component (AddParameter): Name = "ComponentLink9URL"; Value = "https://datasheet.octopart.com:443/AC0603FR-075K1L-Yageo-Group-datasheet-190301926.pdf?src-supplier=element14+APAC"; VariantName = "[No Variations]"
Add component (AddParameter): Name = "ComponentLink10Description"; Value = "http://sigma.octopart.com:80/conflict_mineral_statement/Yageo-company-3.pdf?src-supplier=Compliance+Statements"; VariantName = "[No Variations]"
Add component (AddParameter): Name = "ComponentLink10URL"; Value = "http://sigma.octopart.com:80/conflict_mineral_statement/Yageo-company-3.pdf?src-supplier=Compliance+Statements"; VariantName = "[No Variations]"
Add component (AddParameter): Name = "ComponentLink11Description"; Value = "http://sigma.octopart.com:80/rohs_statement/Yageo-company-2.pdf?src-supplier=Compliance+Statements"; VariantName = "[No Variations]"
Add component (AddParameter): Name = "ComponentLink11URL"; Value = "http://sigma.octopart.com:80/rohs_statement/Yageo-company-2.pdf?src-supplier=Compliance+Statements"; VariantName = "[No Variations]"
Add component (AddParameter): Name = "Composition"; Value = "Thick Film"; VariantName = "[No Variations]"
Add component (AddParameter): Name = "Features"; Value = "Automotive AEC-Q200, Moisture Resistant"; VariantName = "[No Variations]"
Add component (AddParameter): Name = "Height"; Value = "450µm"; VariantName = "[No Variations]"
Add component (AddParameter): Name = "Kucište"; Value = "0603"; VariantName = "[No Variations]"
Add component (AddParameter): Name = "Length"; Value = "1.6mm"; VariantName = "[No Variations]"
Add component (AddParameter): Name = "Lifecycle Status"; Value = "Production"; VariantName = "[No Variations]"
Add component (AddParameter): Name = "Manufacturer"; Value = "Yageo Group"; VariantName = "[No Variations]"
Add component (AddParameter): Name = "Manufacturer Part Number"; Value = "AC0603FR-075K1L"; VariantName = "[No Variations]"
Add component (AddParameter): Name = "Max Operating Temperature"; Value = "155°C"; VariantName = "[No Variations]"
Add component (AddParameter): Name = "Max Power Dissipation"; Value = "100mW"; VariantName = "[No Variations]"
Add component (AddParameter): Name = "Min Operating Temperature"; Value = "-55°C"; VariantName = "[No Variations]"
Add component (AddParameter): Name = "Mounting Technology"; Value = "Surface Mount"; VariantName = "[No Variations]"
Add component (AddParameter): Name = "Number of Terminals"; Value = "2"; VariantName = "[No Variations]"
Add component (AddParameter): Name = "Number of Terminations"; Value = "2"; VariantName = "[No Variations]"
Add component (AddParameter): Name = "Packaging"; Value = "Tape & Reel"; VariantName = "[No Variations]"
Add component (AddParameter): Name = "Power Dissipation"; Value = "100mW"; VariantName = "[No Variations]"
Add component (AddParameter): Name = "Power Rating"; Value = "100mW"; VariantName = "[No Variations]"
Add component (AddParameter): Name = "Pricing"; Value = "500=0.005, 2500=0.005, 5000=0.004, 7500=0.004, 10000=0.004 (GBP)"; VariantName = "[No Variations]"
Add component (AddParameter): Name = "REACH SVHC"; Value = "Yes"; VariantName = "[No Variations]"
Add component (AddParameter): Name = "RoHS"; Value = "Compliant"; VariantName = "[No Variations]"
Add component (AddParameter): Name = "Schedule B"; Value = "8533210045, 8533210045|8533210045|8533210045|8533210045|8533210045|8533210045|8533210045|8533210045|8533210045|8533210045|8533210045|8533210045|8533210045|8533210045|8533210045|8533210045|8533210045|8533210045|8533210045|8533210045|8533210045|8533210045|8533210045|85"; VariantName = "[No Variations]"
Add component (AddParameter): Name = "Stock"; Value = "3500"; VariantName = "[No Variations]"
Add component (AddParameter): Name = "Supplier"; Value = "RS"; VariantName = "[No Variations]"
Add component (AddParameter): Name = "Supplier 1"; Value = "RS"; VariantName = "[No Variations]"
Add component (AddParameter): Name = "Supplier Part Number"; Value = "1978087"; VariantName = "[No Variations]"
Add component (AddParameter): Name = "Supplier Part Number 1"; Value = "1978087"; VariantName = "[No Variations]"
Add component (AddParameter): Name = "Temperature Coefficient"; Value = "100ppm/°C"; VariantName = "[No Variations]"
Add component (AddParameter): Name = "Termination"; Value = "SMD/SMT"; VariantName = "[No Variations]"
Add component (AddParameter): Name = "Tolerance"; Value = "1%"; VariantName = "[No Variations]"
Add component (AddParameter): Name = "Value"; Value = "5.1kO"; VariantName = "[No Variations]"
Add component (AddParameter): Name = "Voltage Rating"; Value = "75V"; VariantName = "[No Variations]"
Add component (AddParameter): Name = "Weight"; Value = "2.012816mg"; VariantName = "[No Variations]"
Add component (AddParameter): Name = "Width"; Value = "800µm"; VariantName = "[No Variations]"
Add component (AddParameter): Name = "Working Voltage"; Value = "75V"; VariantName = "[No Variations]"
Added Component: Designator=R15(0805)
Add component (AddParameter): Name = "Case Code (Imperial)"; Value = "0805"; VariantName = "[No Variations]"
Add component (AddParameter): Name = "Case Code (Metric)"; Value = "2012"; VariantName = "[No Variations]"
Add component (AddParameter): Name = "Case/Package"; Value = "0805"; VariantName = "[No Variations]"
Add component (AddParameter): Name = "Category"; Value = "Chip SMD Resistors"; VariantName = "[No Variations]"
Add component (AddParameter): Name = "ComponentLink1Description"; Value = "https://datasheet.octopart.com:443/ERJ-PB6B2201V-Panasonic-datasheet-82522998.pdf?src-supplier=Panasonic"; VariantName = "[No Variations]"
Add component (AddParameter): Name = "ComponentLink1URL"; Value = "https://datasheet.octopart.com:443/ERJ-PB6B2201V-Panasonic-datasheet-82522998.pdf?src-supplier=Panasonic"; VariantName = "[No Variations]"
Add component (AddParameter): Name = "ComponentLink2Description"; Value = "https://datasheet.octopart.com:443/ERJPB6B2201V-Panasonic-datasheet-176289525.pdf?src-supplier=TME"; VariantName = "[No Variations]"
Add component (AddParameter): Name = "ComponentLink2URL"; Value = "https://datasheet.octopart.com:443/ERJPB6B2201V-Panasonic-datasheet-176289525.pdf?src-supplier=TME"; VariantName = "[No Variations]"
Add component (AddParameter): Name = "ComponentLink3Description"; Value = "https://sigma.octopart.com:443/150570796/technical_drawing/Panasonic-ERJPB6B2201V.pdf?src-supplier=Panasonic+SCT"; VariantName = "[No Variations]"
Add component (AddParameter): Name = "ComponentLink3URL"; Value = "https://sigma.octopart.com:443/150570796/technical_drawing/Panasonic-ERJPB6B2201V.pdf?src-supplier=Panasonic+SCT"; VariantName = "[No Variations]"
Add component (AddParameter): Name = "ComponentLink4Description"; Value = "https://datasheet.octopart.com:443/ERJPB6B2201V-Panasonic-datasheet-177212511.pdf?src-supplier=Burklin+Elektronik"; VariantName = "[No Variations]"
Add component (AddParameter): Name = "ComponentLink4URL"; Value = "https://datasheet.octopart.com:443/ERJPB6B2201V-Panasonic-datasheet-177212511.pdf?src-supplier=Burklin+Elektronik"; VariantName = "[No Variations]"
Add component (AddParameter): Name = "Composition"; Value = "Thick Film"; VariantName = "[No Variations]"
Add component (AddParameter): Name = "Country of Origin"; Value = "Japan"; VariantName = "[No Variations]"
Add component (AddParameter): Name = "Export Control Classification Number (ECCN) Code"; Value = "EAR99"; VariantName = "[No Variations]"
Add component (AddParameter): Name = "Features"; Value = "Automotive AEC-Q200"; VariantName = "[No Variations]"
Add component (AddParameter): Name = "Harmonized Tariff Schedule (HTS) Code"; Value = "8533.21.00.30"; VariantName = "[No Variations]"
Add component (AddParameter): Name = "Height"; Value = "600µm"; VariantName = "[No Variations]"
Add component (AddParameter): Name = "Height - Seated (Max)"; Value = "711.2µm"; VariantName = "[No Variations]"
Add component (AddParameter): Name = "Introduction Date"; Value = "2016-02-25"; VariantName = "[No Variations]"
Add component (AddParameter): Name = "Kucište"; Value = "0805"; VariantName = "[No Variations]"
Add component (AddParameter): Name = "Length"; Value = "2mm"; VariantName = "[No Variations]"
Add component (AddParameter): Name = "Lifecycle Status"; Value = "Production"; VariantName = "[No Variations]"
Add component (AddParameter): Name = "Manufacturer"; Value = "Panasonic"; VariantName = "[No Variations]"
Add component (AddParameter): Name = "Manufacturer Lifecycle Status"; Value = "ACTIVE"; VariantName = "[No Variations]"
Add component (AddParameter): Name = "Manufacturer Part Number"; Value = "ERJ-PB6B2201V"; VariantName = "[No Variations]"
Add component (AddParameter): Name = "Max Operating Temperature"; Value = "155°C"; VariantName = "[No Variations]"
Add component (AddParameter): Name = "Max Power Dissipation"; Value = "250mW"; VariantName = "[No Variations]"
Add component (AddParameter): Name = "Min Operating Temperature"; Value = "-55°C"; VariantName = "[No Variations]"
Add component (AddParameter): Name = "Mounting Technology"; Value = "Surface Mount"; VariantName = "[No Variations]"
Add component (AddParameter): Name = "Number of Terminals"; Value = "2"; VariantName = "[No Variations]"
Add component (AddParameter): Name = "Number of Terminations"; Value = "2"; VariantName = "[No Variations]"
Add component (AddParameter): Name = "Part Series"; Value = "High Precision Thick Film Chip Resistors"; VariantName = "[No Variations]"
Add component (AddParameter): Name = "Power Dissipation"; Value = "250mW"; VariantName = "[No Variations]"
Add component (AddParameter): Name = "Power Rating"; Value = "250mW"; VariantName = "[No Variations]"
Add component (AddParameter): Name = "Pricing"; Value = "10=0.0861, 100=0.0757, 500=0.0585, 1000=0.0534, 2500=0.0478, 5000=0.0422 (GBP)"; VariantName = "[No Variations]"
Add component (AddParameter): Name = "REACH SVHC"; Value = "Yes"; VariantName = "[No Variations]"
Add component (AddParameter): Name = "RoHS"; Value = "Compliant"; VariantName = "[No Variations]"
Add component (AddParameter): Name = "Schedule B"; Value = "8533210045, 8533210045|8533210045|8533210045|8533210045|8533210045"; VariantName = "[No Variations]"
Add component (AddParameter): Name = "Stock"; Value = "4030"; VariantName = "[No Variations]"
Add component (AddParameter): Name = "Supplier"; Value = "Farnell"; VariantName = "[No Variations]"
Add component (AddParameter): Name = "Supplier 1"; Value = "Farnell"; VariantName = "[No Variations]"
Add component (AddParameter): Name = "Supplier 2"; Value = "Farnell"; VariantName = "[No Variations]"
Add component (AddParameter): Name = "Supplier Part Number"; Value = "4541375"; VariantName = "[No Variations]"
Add component (AddParameter): Name = "Supplier Part Number 1"; Value = "4541375"; VariantName = "[No Variations]"
Add component (AddParameter): Name = "Supplier Part Number 2"; Value = "MCU08050C2201FP500"; VariantName = "[No Variations]"
Add component (AddParameter): Name = "Temperature Coefficient"; Value = "50ppm/°C"; VariantName = "[No Variations]"
Add component (AddParameter): Name = "Tolerance"; Value = "0.1%"; VariantName = "[No Variations]"
Add component (AddParameter): Name = "Value"; Value = "2.2kO"; VariantName = "[No Variations]"
Add component (AddParameter): Name = "Voltage Rating (DC)"; Value = "150V"; VariantName = "[No Variations]"
Add component (AddParameter): Name = "Width"; Value = "1.25mm"; VariantName = "[No Variations]"
Add component (AddParameter): Name = "Working Voltage"; Value = "150V"; VariantName = "[No Variations]"
Added Component: Designator=R16(0805)
Add component (AddParameter): Name = "ComponentLink5Description"; Value = "https://datasheet.octopart.com:443/CRCW12061K50JNEA-Vishay-datasheet-21226360.pdf?src-supplier=Newark"; VariantName = "[No Variations]"
Add component (AddParameter): Name = "ComponentLink5URL"; Value = "https://datasheet.octopart.com:443/CRCW12061K50JNEA-Vishay-datasheet-21226360.pdf?src-supplier=Newark"; VariantName = "[No Variations]"
Add component (AddParameter): Name = "ComponentLink8Description"; Value = "https://datasheet.octopart.com:443/CRCW12061K50JNEA-Vishay-datasheet-24897302.pdf?src-supplier=Farnell"; VariantName = "[No Variations]"
Add component (AddParameter): Name = "ComponentLink8URL"; Value = "https://datasheet.octopart.com:443/CRCW12061K50JNEA-Vishay-datasheet-24897302.pdf?src-supplier=Farnell"; VariantName = "[No Variations]"
Add component (AddParameter): Name = "ComponentLink9Description"; Value = "https://datasheet.octopart.com:443/CRCW12061K50JNEA-Vishay-datasheet-62316122.pdf?src-supplier=Future+Electronics"; VariantName = "[No Variations]"
Add component (AddParameter): Name = "ComponentLink9URL"; Value = "https://datasheet.octopart.com:443/CRCW12061K50JNEA-Vishay-datasheet-62316122.pdf?src-supplier=Future+Electronics"; VariantName = "[No Variations]"
Add component (AddParameter): Name = "ComponentLink10Description"; Value = "https://datasheet.octopart.com:443/CRCW12061K50JNEA-Vishay-datasheet-5300368.pdf?src-supplier=Future+Electronics"; VariantName = "[No Variations]"
Add component (AddParameter): Name = "ComponentLink10URL"; Value = "https://datasheet.octopart.com:443/CRCW12061K50JNEA-Vishay-datasheet-5300368.pdf?src-supplier=Future+Electronics"; VariantName = "[No Variations]"
Add component (AddParameter): Name = "ComponentLink11Description"; Value = "https://datasheet.octopart.com:443/CRCW12061K50JNEA-Vishay-datasheet-137115460.pdf?src-supplier=X-ON"; VariantName = "[No Variations]"
Add component (AddParameter): Name = "ComponentLink11URL"; Value = "https://datasheet.octopart.com:443/CRCW12061K50JNEA-Vishay-datasheet-137115460.pdf?src-supplier=X-ON"; VariantName = "[No Variations]"
Add component (AddParameter): Name = "ComponentLink12Description"; Value = "https://datasheet.octopart.com:443/CRCW12061K50JNEA-Vishay-Dale-datasheet-47688880.pdf?src-supplier=RS+(Formerly+Allied+Electronics)"; VariantName = "[No Variations]"
Add component (AddParameter): Name = "ComponentLink12URL"; Value = "https://datasheet.octopart.com:443/CRCW12061K50JNEA-Vishay-Dale-datasheet-47688880.pdf?src-supplier=RS+(Formerly+Allied+Electronics)"; VariantName = "[No Variations]"
Add component (AddParameter): Name = "ComponentLink13Description"; Value = "https://datasheet.octopart.com:443/CRCW12061K50JNEA-Vishay-datasheet-12001583.pdf?src-supplier=RS+(Formerly+Allied+Electronics)"; VariantName = "[No Variations]"
Add component (AddParameter): Name = "ComponentLink13URL"; Value = "https://datasheet.octopart.com:443/CRCW12061K50JNEA-Vishay-datasheet-12001583.pdf?src-supplier=RS+(Formerly+Allied+Electronics)"; VariantName = "[No Variations]"
Add component (AddParameter): Name = "ComponentLink14Description"; Value = "https://datasheet.octopart.com:443/CRCW12061K50JNEA-Vishay-datasheet-5306405.pdf?src-supplier=RS+(Formerly+Allied+Electronics)"; VariantName = "[No Variations]"
Add component (AddParameter): Name = "ComponentLink14URL"; Value = "https://datasheet.octopart.com:443/CRCW12061K50JNEA-Vishay-datasheet-5306405.pdf?src-supplier=RS+(Formerly+Allied+Electronics)"; VariantName = "[No Variations]"
Add component (AddParameter): Name = "ComponentLink15Description"; Value = "https://datasheet.octopart.com:443/CRCW12061K50JNEA-Vishay-datasheet-11540273.pdf?src-supplier=Arrow+Electronics"; VariantName = "[No Variations]"
Add component (AddParameter): Name = "ComponentLink15URL"; Value = "https://datasheet.octopart.com:443/CRCW12061K50JNEA-Vishay-datasheet-11540273.pdf?src-supplier=Arrow+Electronics"; VariantName = "[No Variations]"
Add component (AddParameter): Name = "ComponentLink16Description"; Value = "https://datasheet.octopart.com:443/CRCW12061K50JNEA-Vishay-datasheet-8445837.pdf?src-supplier=element14"; VariantName = "[No Variations]"
Add component (AddParameter): Name = "ComponentLink16URL"; Value = "https://datasheet.octopart.com:443/CRCW12061K50JNEA-Vishay-datasheet-8445837.pdf?src-supplier=element14"; VariantName = "[No Variations]"
Add component (AddParameter): Name = "ComponentLink17Description"; Value = "https://datasheet.octopart.com:443/CRCW12061K50JNEA-Vishay-datasheet-5377184.pdf?src-supplier=Garrett"; VariantName = "[No Variations]"
Add component (AddParameter): Name = "ComponentLink17URL"; Value = "https://datasheet.octopart.com:443/CRCW12061K50JNEA-Vishay-datasheet-5377184.pdf?src-supplier=Garrett"; VariantName = "[No Variations]"
Add component (AddParameter): Name = "ComponentLink18Description"; Value = "https://datasheet.octopart.com:443/CRCW12061K50JNEA-Vishay-datasheet-148188.pdf?src-supplier=Garrett"; VariantName = "[No Variations]"
Add component (AddParameter): Name = "ComponentLink18URL"; Value = "https://datasheet.octopart.com:443/CRCW12061K50JNEA-Vishay-datasheet-148188.pdf?src-supplier=Garrett"; VariantName = "[No Variations]"
Add component (AddParameter): Name = "ComponentLink19Description"; Value = "https://datasheet.octopart.com:443/CRCW12061K50JNEA-Vishay-datasheet-41916.pdf?src-supplier=Garrett"; VariantName = "[No Variations]"
Add component (AddParameter): Name = "ComponentLink19URL"; Value = "https://datasheet.octopart.com:443/CRCW12061K50JNEA-Vishay-datasheet-41916.pdf?src-supplier=Garrett"; VariantName = "[No Variations]"
Add component (AddParameter): Name = "ComponentLink20Description"; Value = "http://sigma.octopart.com:80/rohs_statement/Vishay-company-15.pdf?src-supplier=Compliance+Statements"; VariantName = "[No Variations]"
Add component (AddParameter): Name = "ComponentLink20URL"; Value = "http://sigma.octopart.com:80/rohs_statement/Vishay-company-15.pdf?src-supplier=Compliance+Statements"; VariantName = "[No Variations]"
Add component (AddParameter): Name = "Kucište"; Value = "0805"; VariantName = "[No Variations]"
Add component (AddParameter): Name = "Parameter 1"; Value = ""; VariantName = "[No Variations]"
Add component (AddParameter): Name = "Supplier 1"; Value = "Farnell"; VariantName = "[No Variations]"
Add component (AddParameter): Name = "Supplier Part Number 1"; Value = "MCU08050C1501FP500"; VariantName = "[No Variations]"
Added Component: Designator=R17(0402)
Add component (AddParameter): Name = "Kucište"; Value = "0402"; VariantName = "[No Variations]"
Add component (AddParameter): Name = "Supplier 1"; Value = "Farnell"; VariantName = "[No Variations]"
Add component (AddParameter): Name = "Supplier Part Number 1"; Value = "MCMR04X000 PTL"; VariantName = "[No Variations]"
Added Component: Designator=R18(0402)
Add component (AddParameter): Name = "Kucište"; Value = "0402"; VariantName = "[No Variations]"
Add component (AddParameter): Name = "Supplier 1"; Value = "Farnell"; VariantName = "[No Variations]"
Add component (AddParameter): Name = "Supplier Part Number 1"; Value = "MCMR04X000 PTL"; VariantName = "[No Variations]"
Added Component: Designator=R19(0402)
Add component (AddParameter): Name = "Kucište"; Value = "0402"; VariantName = "[No Variations]"
Add component (AddParameter): Name = "Supplier 1"; Value = "Farnell"; VariantName = "[No Variations]"
Add component (AddParameter): Name = "Supplier Part Number 1"; Value = "MCMR04X000 PTL"; VariantName = "[No Variations]"
Added Component: Designator=R20(0805)
Add component (AddParameter): Name = "ComponentLink5Description"; Value = "https://datasheet.octopart.com:443/CRCW12061K50JNEA-Vishay-datasheet-21226360.pdf?src-supplier=Newark"; VariantName = "[No Variations]"
Add component (AddParameter): Name = "ComponentLink5URL"; Value = "https://datasheet.octopart.com:443/CRCW12061K50JNEA-Vishay-datasheet-21226360.pdf?src-supplier=Newark"; VariantName = "[No Variations]"
Add component (AddParameter): Name = "ComponentLink8Description"; Value = "https://datasheet.octopart.com:443/CRCW12061K50JNEA-Vishay-datasheet-24897302.pdf?src-supplier=Farnell"; VariantName = "[No Variations]"
Add component (AddParameter): Name = "ComponentLink8URL"; Value = "https://datasheet.octopart.com:443/CRCW12061K50JNEA-Vishay-datasheet-24897302.pdf?src-supplier=Farnell"; VariantName = "[No Variations]"
Add component (AddParameter): Name = "ComponentLink9Description"; Value = "https://datasheet.octopart.com:443/CRCW12061K50JNEA-Vishay-datasheet-62316122.pdf?src-supplier=Future+Electronics"; VariantName = "[No Variations]"
Add component (AddParameter): Name = "ComponentLink9URL"; Value = "https://datasheet.octopart.com:443/CRCW12061K50JNEA-Vishay-datasheet-62316122.pdf?src-supplier=Future+Electronics"; VariantName = "[No Variations]"
Add component (AddParameter): Name = "ComponentLink10Description"; Value = "https://datasheet.octopart.com:443/CRCW12061K50JNEA-Vishay-datasheet-5300368.pdf?src-supplier=Future+Electronics"; VariantName = "[No Variations]"
Add component (AddParameter): Name = "ComponentLink10URL"; Value = "https://datasheet.octopart.com:443/CRCW12061K50JNEA-Vishay-datasheet-5300368.pdf?src-supplier=Future+Electronics"; VariantName = "[No Variations]"
Add component (AddParameter): Name = "ComponentLink11Description"; Value = "https://datasheet.octopart.com:443/CRCW12061K50JNEA-Vishay-datasheet-137115460.pdf?src-supplier=X-ON"; VariantName = "[No Variations]"
Add component (AddParameter): Name = "ComponentLink11URL"; Value = "https://datasheet.octopart.com:443/CRCW12061K50JNEA-Vishay-datasheet-137115460.pdf?src-supplier=X-ON"; VariantName = "[No Variations]"
Add component (AddParameter): Name = "ComponentLink12Description"; Value = "https://datasheet.octopart.com:443/CRCW12061K50JNEA-Vishay-Dale-datasheet-47688880.pdf?src-supplier=RS+(Formerly+Allied+Electronics)"; VariantName = "[No Variations]"
Add component (AddParameter): Name = "ComponentLink12URL"; Value = "https://datasheet.octopart.com:443/CRCW12061K50JNEA-Vishay-Dale-datasheet-47688880.pdf?src-supplier=RS+(Formerly+Allied+Electronics)"; VariantName = "[No Variations]"
Add component (AddParameter): Name = "ComponentLink13Description"; Value = "https://datasheet.octopart.com:443/CRCW12061K50JNEA-Vishay-datasheet-12001583.pdf?src-supplier=RS+(Formerly+Allied+Electronics)"; VariantName = "[No Variations]"
Add component (AddParameter): Name = "ComponentLink13URL"; Value = "https://datasheet.octopart.com:443/CRCW12061K50JNEA-Vishay-datasheet-12001583.pdf?src-supplier=RS+(Formerly+Allied+Electronics)"; VariantName = "[No Variations]"
Add component (AddParameter): Name = "ComponentLink14Description"; Value = "https://datasheet.octopart.com:443/CRCW12061K50JNEA-Vishay-datasheet-5306405.pdf?src-supplier=RS+(Formerly+Allied+Electronics)"; VariantName = "[No Variations]"
Add component (AddParameter): Name = "ComponentLink14URL"; Value = "https://datasheet.octopart.com:443/CRCW12061K50JNEA-Vishay-datasheet-5306405.pdf?src-supplier=RS+(Formerly+Allied+Electronics)"; VariantName = "[No Variations]"
Add component (AddParameter): Name = "ComponentLink15Description"; Value = "https://datasheet.octopart.com:443/CRCW12061K50JNEA-Vishay-datasheet-11540273.pdf?src-supplier=Arrow+Electronics"; VariantName = "[No Variations]"
Add component (AddParameter): Name = "ComponentLink15URL"; Value = "https://datasheet.octopart.com:443/CRCW12061K50JNEA-Vishay-datasheet-11540273.pdf?src-supplier=Arrow+Electronics"; VariantName = "[No Variations]"
Add component (AddParameter): Name = "ComponentLink16Description"; Value = "https://datasheet.octopart.com:443/CRCW12061K50JNEA-Vishay-datasheet-8445837.pdf?src-supplier=element14"; VariantName = "[No Variations]"
Add component (AddParameter): Name = "ComponentLink16URL"; Value = "https://datasheet.octopart.com:443/CRCW12061K50JNEA-Vishay-datasheet-8445837.pdf?src-supplier=element14"; VariantName = "[No Variations]"
Add component (AddParameter): Name = "ComponentLink17Description"; Value = "https://datasheet.octopart.com:443/CRCW12061K50JNEA-Vishay-datasheet-5377184.pdf?src-supplier=Garrett"; VariantName = "[No Variations]"
Add component (AddParameter): Name = "ComponentLink17URL"; Value = "https://datasheet.octopart.com:443/CRCW12061K50JNEA-Vishay-datasheet-5377184.pdf?src-supplier=Garrett"; VariantName = "[No Variations]"
Add component (AddParameter): Name = "ComponentLink18Description"; Value = "https://datasheet.octopart.com:443/CRCW12061K50JNEA-Vishay-datasheet-148188.pdf?src-supplier=Garrett"; VariantName = "[No Variations]"
Add component (AddParameter): Name = "ComponentLink18URL"; Value = "https://datasheet.octopart.com:443/CRCW12061K50JNEA-Vishay-datasheet-148188.pdf?src-supplier=Garrett"; VariantName = "[No Variations]"
Add component (AddParameter): Name = "ComponentLink19Description"; Value = "https://datasheet.octopart.com:443/CRCW12061K50JNEA-Vishay-datasheet-41916.pdf?src-supplier=Garrett"; VariantName = "[No Variations]"
Add component (AddParameter): Name = "ComponentLink19URL"; Value = "https://datasheet.octopart.com:443/CRCW12061K50JNEA-Vishay-datasheet-41916.pdf?src-supplier=Garrett"; VariantName = "[No Variations]"
Add component (AddParameter): Name = "ComponentLink20Description"; Value = "http://sigma.octopart.com:80/rohs_statement/Vishay-company-15.pdf?src-supplier=Compliance+Statements"; VariantName = "[No Variations]"
Add component (AddParameter): Name = "ComponentLink20URL"; Value = "http://sigma.octopart.com:80/rohs_statement/Vishay-company-15.pdf?src-supplier=Compliance+Statements"; VariantName = "[No Variations]"
Add component (AddParameter): Name = "Kucište"; Value = "0805"; VariantName = "[No Variations]"
Add component (AddParameter): Name = "Parameter 1"; Value = ""; VariantName = "[No Variations]"
Add component (AddParameter): Name = "Supplier 1"; Value = "Farnell"; VariantName = "[No Variations]"
Add component (AddParameter): Name = "Supplier Part Number 1"; Value = "MCU08050C1501FP500"; VariantName = "[No Variations]"
Added Component: Designator=R21(TH NTC)
Add component (AddParameter): Name = "Supplier 1"; Value = "DigiKey"; VariantName = "[No Variations]"
Add component (AddParameter): Name = "Supplier Part Number 1"; Value = "4316-103AT-2-ND"; VariantName = "[No Variations]"
Added Component: Designator=S1(SOP400P1000X525-4N)
Add component (AddParameter): Name = "Category"; Value = "Tactile Switches"; VariantName = "[No Variations]"
Add component (AddParameter): Name = "ComponentLink1Description"; Value = "https://datasheet.ciiva.com/2900/p010516d-2900775.pdf?src-supplier=Digi-Key"; VariantName = "[No Variations]"
Add component (AddParameter): Name = "Manufacturer"; Value = "E-Switch"; VariantName = "[No Variations]"
Add component (AddParameter): Name = "Manufacturer Part Number"; Value = "TL3301AF160QG"; VariantName = "[No Variations]"
Add component (AddParameter): Name = "Supplier 1"; Value = "Mouser"; VariantName = "[No Variations]"
Add component (AddParameter): Name = "Supplier Part Number 1"; Value = "612-TL3301AF1"; VariantName = "[No Variations]"
Add component (AddParameter): Name = "Value"; Value = ""; VariantName = "[No Variations]"
Added Component: Designator=U1(MSOP)
Add component (AddParameter): Name = "Category"; Value = "Operational Amplifiers"; VariantName = "[No Variations]"
Add component (AddParameter): Name = "Manufacturer"; Value = "Texas Instruments"; VariantName = "[No Variations]"
Add component (AddParameter): Name = "Manufacturer Part Number"; Value = "BUF602ID"; VariantName = "[No Variations]"
Add component (AddParameter): Name = "Supplier 1"; Value = "Mouser"; VariantName = "[No Variations]"
Add component (AddParameter): Name = "Supplier Part Number 1"; Value = "595-BUF602ID"; VariantName = "[No Variations]"
Added Component: Designator=U2(MSOP)
Add component (AddParameter): Name = "Case/Package"; Value = "MSOP"; VariantName = "[No Variations]"
Add component (AddParameter): Name = "Category"; Value = "Amplifiers - Op Amps, Buffer, Instrumentation"; VariantName = "[No Variations]"
Add component (AddParameter): Name = "ComponentLink1Description"; Value = "https://datasheet.ciiva.com/15128/getdatasheetpartid-243611-15128567.pdf?src-supplier=Verical"; VariantName = "[No Variations]"
Add component (AddParameter): Name = "Manufacturer"; Value = "Analog Devices"; VariantName = "[No Variations]"
Add component (AddParameter): Name = "Manufacturer Part Number"; Value = "AD8310ARMZ-REEL7"; VariantName = "[No Variations]"
Add component (AddParameter): Name = "Supplier 1"; Value = "Mouser"; VariantName = "[No Variations]"
Add component (AddParameter): Name = "Supplier Part Number 1"; Value = "584-AD8310ARMZ-R7"; VariantName = "[No Variations]"
Add component (AddParameter): Name = "Value"; Value = ""; VariantName = "[No Variations]"
Added Component: Designator=U3(STM32)
Add component (AddParameter): Name = "Case/Package"; Value = "UFQFPN-48"; VariantName = "[No Variations]"
Add component (AddParameter): Name = "Category"; Value = "Microcontroller"; VariantName = "[No Variations]"
Add component (AddParameter): Name = "ComponentLink1Description"; Value = "http://www.farnell.com/datasheets/2792352.pdf?src-supplier=Farnell"; VariantName = "[No Variations]"
Add component (AddParameter): Name = "Manufacturer"; Value = "STMicroelectronics"; VariantName = "[No Variations]"
Add component (AddParameter): Name = "Manufacturer Part Number"; Value = "STM32WB55CGU6"; VariantName = "[No Variations]"
Add component (AddParameter): Name = "Supplier 1"; Value = "Mouser"; VariantName = "[No Variations]"
Add component (AddParameter): Name = "Supplier Part Number 1"; Value = "511-STM32WB55CGU6"; VariantName = "[No Variations]"
Add component (AddParameter): Name = "Value"; Value = ""; VariantName = "[No Variations]"
Added Component: Designator=U4(WSON-10)
Add component (AddParameter): Name = "Arrow Part Number"; Value = "BQ24040DSQR"; VariantName = "[No Variations]"
Add component (AddParameter): Name = "Arrow Price/Stock"; Value = "https://www.arrow.com/en/products/bq24040dsqr/texas-instruments?utm_currency=USD&region=nac"; VariantName = "[No Variations]"
Add component (AddParameter): Name = "Case/Package"; Value = "WSON-10"; VariantName = "[No Variations]"
Add component (AddParameter): Name = "Datasheet Link"; Value = "http://www.ti.com/lit/gpn/bq24040"; VariantName = "[No Variations]"
Add component (AddParameter): Name = "Height"; Value = "0.8mm"; VariantName = "[No Variations]"
Add component (AddParameter): Name = "Manufacturer_Name"; Value = "Texas Instruments"; VariantName = "[No Variations]"
Add component (AddParameter): Name = "Manufacturer_Part_Number"; Value = "BQ24040DSQR"; VariantName = "[No Variations]"
Add component (AddParameter): Name = "Mouser Part Number"; Value = "595-BQ24040DSQR"; VariantName = "[No Variations]"
Add component (AddParameter): Name = "Mouser Price/Stock"; Value = "https://www.mouser.co.uk/ProductDetail/Texas-Instruments/BQ24040DSQR?qs=c7TMWs5treTJYvOlVMq%252B%2Fw%3D%3D"; VariantName = "[No Variations]"
Add component (AddParameter): Name = "Supplier 1"; Value = "Arrow Electronics"; VariantName = "[No Variations]"
Add component (AddParameter): Name = "Supplier Part Number 1"; Value = "BQ24040DSQR"; VariantName = "[No Variations]"
Added Component: Designator=U5(SOT23 5pin)
Add component (AddParameter): Name = "Case/Package"; Value = "SOT-23"; VariantName = "[No Variations]"
Add component (AddParameter): Name = "Category"; Value = "Voltage Regulators - Linear"; VariantName = "[No Variations]"
Add component (AddParameter): Name = "ComponentLink1Description"; Value = "https://datasheet.ciiva.com/41462/001015026-da-01-en-ic-reg-ldo-3-3v-0-tps73633dbvr-sot-5-tid-41462871.pdf?src-supplier=Conrad"; VariantName = "[No Variations]"
Add component (AddParameter): Name = "Manufacturer"; Value = "Texas Instruments"; VariantName = "[No Variations]"
Add component (AddParameter): Name = "Manufacturer Part Number"; Value = "TPS73633DBVR"; VariantName = "[No Variations]"
Add component (AddParameter): Name = "Supplier 1"; Value = "Mouser"; VariantName = "[No Variations]"
Add component (AddParameter): Name = "Supplier Part Number 1"; Value = "595-TPS73633DBVR"; VariantName = "[No Variations]"
Add component (AddParameter): Name = "Value"; Value = ""; VariantName = "[No Variations]"
Added Component: Designator=U6(SOT23 5pin)
Add component (AddParameter): Name = "Kucište"; Value = "0805"; VariantName = "[No Variations]"
Add component (AddParameter): Name = "Supplier 1"; Value = "Farnell"; VariantName = "[No Variations]"
Add component (AddParameter): Name = "Supplier Part Number 1"; Value = "74AHC1G17GWH"; VariantName = "[No Variations]"
Added Component: Designator=X1(SMA)
Add component (AddParameter): Name = "Category"; Value = "SMA Connector"; VariantName = "[No Variations]"
Add component (AddParameter): Name = "Manufacturer"; Value = "Wurth Electronics"; VariantName = "[No Variations]"
Add component (AddParameter): Name = "Manufacturer Part Number"; Value = "60312002114503"; VariantName = "[No Variations]"
Add component (AddParameter): Name = "Supplier 1"; Value = "Mouser"; VariantName = "[No Variations]"
Add component (AddParameter): Name = "Supplier Part Number 1"; Value = "710-60312002114503"; VariantName = "[No Variations]"
Add component (AddParameter): Name = "Value"; Value = ""; VariantName = "[No Variations]"
Added Component: Designator=X2(HEADER 1X4)
Add component (AddParameter): Name = "Category"; Value = "Headers and Wire Housings"; VariantName = "[No Variations]"
Add component (AddParameter): Name = "ComponentLink1Description"; Value = "https://datasheet.ciiva.com/5164/68000-274255-5164127.pdf?src-supplier=Mouser"; VariantName = "[No Variations]"
Add component (AddParameter): Name = "Manufacturer"; Value = "Amphenol FCI"; VariantName = "[No Variations]"
Add component (AddParameter): Name = "Manufacturer Part Number"; Value = "68001-204HLF"; VariantName = "[No Variations]"
Add component (AddParameter): Name = "Supplier 1"; Value = "Mouser"; VariantName = "[No Variations]"
Add component (AddParameter): Name = "Supplier Part Number 1"; Value = "649-68001-204HLF"; VariantName = "[No Variations]"
Add component (AddParameter): Name = "Value"; Value = ""; VariantName = "[No Variations]"
Added Component: Designator=X3(BATTERY)
Add component (AddParameter): Name = "LatestRevisionDate"; Value = "17-Jul-2002"; VariantName = "[No Variations]"
Add component (AddParameter): Name = "LatestRevisionNote"; Value = "Re-released for DXP Platform."; VariantName = "[No Variations]"
Add component (AddParameter): Name = "Publisher"; Value = "Altium Limited"; VariantName = "[No Variations]"
Added Component: Designator=Y1(NX2016_4P)
Add component (AddParameter): Name = "Category"; Value = "Crystal"; VariantName = "[No Variations]"
Add component (AddParameter): Name = "Kucište"; Value = "0805"; VariantName = "[No Variations]"
Add component (AddParameter): Name = "Manufacturer"; Value = "NDK"; VariantName = "[No Variations]"
Add component (AddParameter): Name = "Manufacturer Part Number"; Value = "NX2016SA-32MHZ-EXS00A-CS10925"; VariantName = "[No Variations]"
Add component (AddParameter): Name = "Supplier 1"; Value = "DigiKey"; VariantName = "[No Variations]"
Add component (AddParameter): Name = "Supplier 2"; Value = "Mouser"; VariantName = "[No Variations]"
Add component (AddParameter): Name = "Supplier Part Number 1"; Value = "644-1375-1-ND"; VariantName = "[No Variations]"
Add component (AddParameter): Name = "Supplier Part Number 2"; Value = "344-NX2016SA32S06465"; VariantName = "[No Variations]"
Add component (AddParameter): Name = "Value"; Value = ""; VariantName = "[No Variations]"
Added Component: Designator=Y2(0805)
Add component (AddParameter): Name = "Case/Package"; Value = "SMD/SMT"; VariantName = "[No Variations]"
Add component (AddParameter): Name = "Category"; Value = "Crystal"; VariantName = "[No Variations]"
Add component (AddParameter): Name = "Kucište"; Value = "0805"; VariantName = "[No Variations]"
Add component (AddParameter): Name = "Manufacturer"; Value = "NDK"; VariantName = "[No Variations]"
Add component (AddParameter): Name = "Manufacturer Part Number"; Value = "NX2012SA-32.768KHZ-EXS00A-MU00626"; VariantName = "[No Variations]"
Add component (AddParameter): Name = "Supplier 1"; Value = "Mouser"; VariantName = "[No Variations]"
Add component (AddParameter): Name = "Supplier Part Number 1"; Value = "344-NX2012SA32768K1"; VariantName = "[No Variations]"
Add component (AddParameter): Name = "Value"; Value = ""; VariantName = "[No Variations]"
Added Pin To Net: NetName=NetANT1_1 Pin=ANT1-1
Added Pin To Net: NetName=NetC1_1 Pin=C1-1
Added Pin To Net: NetName=NetC1_2 Pin=C1-2
Added Pin To Net: NetName=NetC2_2 Pin=C2-2
Added Pin To Net: NetName=3V3 Pin=C3-2
Added Pin To Net: NetName=3V3 Pin=C4-2
Added Pin To Net: NetName=NetC5_1 Pin=C5-1
Added Pin To Net: NetName=NetC6_1 Pin=C6-1
Added Pin To Net: NetName=NetC6_2 Pin=C6-2
Added Pin To Net: NetName=NetC7_2 Pin=C7-2
Added Pin To Net: NetName=NetC8_1 Pin=C8-1
Added Pin To Net: NetName=NRST Pin=C9-2
Added Pin To Net: NetName=NetC10_2 Pin=C10-2
Added Pin To Net: NetName=NetC11_2 Pin=C11-2
Added Pin To Net: NetName=3V3 Pin=C12-1
Added Pin To Net: NetName=3V3 Pin=C14-2
Added Pin To Net: NetName=3V3 Pin=C15-2
Added Pin To Net: NetName=3V3 Pin=C16-2
Added Pin To Net: NetName=3V3 Pin=C17-2
Added Pin To Net: NetName=3V3 Pin=C19-2
Added Pin To Net: NetName=3V3 Pin=C20-2
Added Pin To Net: NetName=3V3 Pin=C21-2
Added Pin To Net: NetName=NetC22_2 Pin=C22-2
Added Pin To Net: NetName=NetC23_1 Pin=C23-1
Added Pin To Net: NetName=NetC23_2 Pin=C23-2
Added Pin To Net: NetName=VBAT+ Pin=C24-2
Added Pin To Net: NetName=NetC25_2 Pin=C25-2
Added Pin To Net: NetName=3V3 Pin=C26-2
Added Pin To Net: NetName=NetC27_1 Pin=C27-1
Added Pin To Net: NetName=NetC28_2 Pin=C28-2
Added Pin To Net: NetName=3V3 Pin=C30-2
Added Pin To Net: NetName=NetD1_2 Pin=D1-2
Added Pin To Net: NetName=NetD2_1 Pin=D2-1
Added Pin To Net: NetName=NetD2_2 Pin=D2-2
Added Pin To Net: NetName=3V3 Pin=FB1-1
Added Pin To Net: NetName=NetC23_1 Pin=IPD1-A1
Added Pin To Net: NetName=NetIPD1_A3 Pin=IPD1-A3
Added Pin To Net: NetName=NetJ1_A5 Pin=J1-A5
Added Pin To Net: NetName=NetC27_1 Pin=J1-A9
Added Pin To Net: NetName=NetJ1_B5 Pin=J1-B5
Added Pin To Net: NetName=NetC27_1 Pin=J1-B9
Added Pin To Net: NetName=NetL1_1 Pin=L1-1
Added Pin To Net: NetName=NetC22_2 Pin=L1-2
Added Pin To Net: NetName=NetL1_1 Pin=L2-2
Added Pin To Net: NetName=NetC23_2 Pin=L3-1
Added Pin To Net: NetName=NetANT1_1 Pin=L3-2
Added Pin To Net: NetName=NetC23_2 Pin=L4-1
Added Pin To Net: NetName=NetC1_1 Pin=R1-2
Added Pin To Net: NetName=NetC2_2 Pin=R2-1
Added Pin To Net: NetName=NetC1_2 Pin=R2-2
Added Pin To Net: NetName=NetR3_1 Pin=R3-1
Added Pin To Net: NetName=NetC6_1 Pin=R3-2
Added Pin To Net: NetName=NetC5_1 Pin=R4-1
Added Pin To Net: NetName=3V3 Pin=R4-2
Added Pin To Net: NetName=NetC6_1 Pin=R5-2
Added Pin To Net: NetName=NetR6_2 Pin=R6-2
Added Pin To Net: NetName=NetR7_1 Pin=R7-1
Added Pin To Net: NetName=SWDIO Pin=R7-2
Added Pin To Net: NetName=BOOT0 Pin=R8-1
Added Pin To Net: NetName=NetR9_1 Pin=R9-1
Added Pin To Net: NetName=SWCLK Pin=R9-2
Added Pin To Net: NetName=NetR10_2 Pin=R10-2
Added Pin To Net: NetName=NetR11_2 Pin=R11-2
Added Pin To Net: NetName=NetJ1_A5 Pin=R12-1
Added Pin To Net: NetName=VBAT+ Pin=R13-1
Added Pin To Net: NetName=NetD2_2 Pin=R13-2
Added Pin To Net: NetName=NetJ1_B5 Pin=R14-2
Added Pin To Net: NetName=NetR15_2 Pin=R15-2
Added Pin To Net: NetName=NetD1_2 Pin=R16-1
Added Pin To Net: NetName=NetR16_2 Pin=R16-2
Added Pin To Net: NetName=NetR17_1 Pin=R17-1
Added Pin To Net: NetName=NetR17_1 Pin=R18-1
Added Pin To Net: NetName=NetR18_2 Pin=R18-2
Added Pin To Net: NetName=3V3 Pin=R20-2
Add Pin To Net: Unknown Pin: Pin R21-2
Added Pin To Net: NetName=3V3 Pin=U1-1
Added Pin To Net: NetName=NetC1_2 Pin=U1-4
Added Pin To Net: NetName=NetC2_2 Pin=U1-6
Added Pin To Net: NetName=NetR3_1 Pin=U1-8
Added Pin To Net: NetName=NetC7_2 Pin=U2-1
Added Pin To Net: NetName=NetC28_2 Pin=U2-3
Added Pin To Net: NetName=NetR17_1 Pin=U2-4
Added Pin To Net: NetName=NetC5_1 Pin=U2-5
Added Pin To Net: NetName=NetC8_1 Pin=U2-6
Added Pin To Net: NetName=NetC5_1 Pin=U2-7
Added Pin To Net: NetName=NetC6_2 Pin=U2-8
Added Pin To Net: NetName=3V3 Pin=U3-1
Added Pin To Net: NetName=NetC10_2 Pin=U3-2
Added Pin To Net: NetName=NetC11_2 Pin=U3-3
Added Pin To Net: NetName=BOOT0 Pin=U3-4
Added Pin To Net: NetName=NRST Pin=U3-7
Added Pin To Net: NetName=NetR16_2 Pin=U3-11
Added Pin To Net: NetName=3V3 Pin=U3-20
Added Pin To Net: NetName=NetIPD1_A3 Pin=U3-21
Added Pin To Net: NetName=3V3 Pin=U3-23
Added Pin To Net: NetName=NetU3_24 Pin=U3-24
Added Pin To Net: NetName=NetU3_25 Pin=U3-25
Added Pin To Net: NetName=NetC22_2 Pin=U3-31
Added Pin To Net: NetName=3V3 Pin=U3-35
Added Pin To Net: NetName=SWDIO Pin=U3-39
Added Pin To Net: NetName=3V3 Pin=U3-40
Added Pin To Net: NetName=SWCLK Pin=U3-41
Added Pin To Net: NetName=3V3 Pin=U3-48
Added Pin To Net: NetName=NetC27_1 Pin=U4-1
Added Pin To Net: NetName=NetR15_2 Pin=U4-2
Added Pin To Net: NetName=NetR11_2 Pin=U4-4
Added Pin To Net: NetName=NetR6_2 Pin=U4-7
Added Pin To Net: NetName=NetD2_1 Pin=U4-8
Added Pin To Net: NetName=NetR10_2 Pin=U4-9
Added Pin To Net: NetName=VBAT+ Pin=U4-10
Added Pin To Net: NetName=VBAT+ Pin=U5-1
Added Pin To Net: NetName=VBAT+ Pin=U5-3
Added Pin To Net: NetName=NetC25_2 Pin=U5-4
Added Pin To Net: NetName=3V3 Pin=U5-5
Added Pin To Net: NetName=NetR18_2 Pin=U6-2
Added Pin To Net: NetName=3V3 Pin=U6-5
Added Pin To Net: NetName=NetC1_1 Pin=X1-1
Added Pin To Net: NetName=NetR9_1 Pin=X2-3
Added Pin To Net: NetName=NetR7_1 Pin=X2-4
Add Pin To Net: Unknown Pin: Pin X3-2
Added Pin To Net: NetName=NetU3_24 Pin=Y1-1
Added Pin To Net: NetName=NetU3_25 Pin=Y1-2
Added Pin To Net: NetName=NetC11_2 Pin=Y2-1
Added Pin To Net: NetName=NetC10_2 Pin=Y2-2
Added Pin To Net: NetName=GND Pin=C2-1
Added Pin To Net: NetName=GND Pin=C3-1
Added Pin To Net: NetName=GND Pin=C4-1
Added Pin To Net: NetName=GND Pin=C5-2
Added Pin To Net: NetName=GND Pin=C7-1
Added Pin To Net: NetName=GND Pin=C8-2
Added Pin To Net: NetName=GND Pin=C9-1
Added Pin To Net: NetName=GND Pin=C10-1
Added Pin To Net: NetName=GND Pin=C11-1
Added Pin To Net: NetName=GND Pin=C12-2
Added Pin To Net: NetName=GND Pin=C13-1
Added Pin To Net: NetName=GND Pin=C14-1
Added Pin To Net: NetName=GND Pin=C15-1
Added Pin To Net: NetName=GND Pin=C16-1
Added Pin To Net: NetName=GND Pin=C17-1
Added Pin To Net: NetName=GND Pin=C18-1
Added Pin To Net: NetName=GND Pin=C19-1
Added Pin To Net: NetName=GND Pin=C20-1
Added Pin To Net: NetName=GND Pin=C21-1
Added Pin To Net: NetName=GND Pin=C22-1
Added Pin To Net: NetName=GND Pin=C24-1
Added Pin To Net: NetName=GND Pin=C25-1
Added Pin To Net: NetName=GND Pin=C26-1
Added Pin To Net: NetName=GND Pin=C27-2
Added Pin To Net: NetName=GND Pin=C28-1
Added Pin To Net: NetName=GND Pin=C29-1
Added Pin To Net: NetName=GND Pin=C30-1
Added Pin To Net: NetName=GND Pin=D1-1
Added Pin To Net: NetName=GND Pin=D3-1
Added Pin To Net: NetName=GND Pin=IPD1-A2
Added Pin To Net: NetName=GND Pin=IPD1-B1
Added Pin To Net: NetName=GND Pin=IPD1-B2
Added Pin To Net: NetName=GND Pin=IPD1-B3
Added Pin To Net: NetName=GND Pin=J1-A12
Added Pin To Net: NetName=GND Pin=J1-B12
Added Pin To Net: NetName=GND Pin=L4-2
Added Pin To Net: NetName=GND Pin=R1-1
Added Pin To Net: NetName=GND Pin=R5-1
Added Pin To Net: NetName=GND Pin=R6-1
Added Pin To Net: NetName=GND Pin=R8-2
Added Pin To Net: NetName=GND Pin=R10-1
Added Pin To Net: NetName=GND Pin=R11-1
Added Pin To Net: NetName=GND Pin=R15-1
Added Pin To Net: NetName=GND Pin=R21-1
Added Pin To Net: NetName=GND Pin=S1-1
Added Pin To Net: NetName=GND Pin=S1-2
Added Pin To Net: NetName=GND Pin=U1-5
Added Pin To Net: NetName=GND Pin=U2-2
Added Pin To Net: NetName=GND Pin=U3-22
Added Pin To Net: NetName=GND Pin=U3-32
Added Pin To Net: NetName=GND Pin=U4-3
Added Pin To Net: NetName=GND Pin=U4-11
Added Pin To Net: NetName=GND Pin=U5-2
Added Pin To Net: NetName=GND Pin=U6-3
Added Pin To Net: NetName=GND Pin=X1-2
Added Pin To Net: NetName=GND Pin=X1-3
Added Pin To Net: NetName=GND Pin=X1-4
Added Pin To Net: NetName=GND Pin=X1-5
Added Pin To Net: NetName=GND Pin=X2-2
Added Pin To Net: NetName=GND Pin=Y1-3
Added Pin To Net: NetName=GND Pin=Y1-4
Added Net: Name=GND
Added Pin To Net: NetName=NetC13_2 Pin=C13-2
Added Pin To Net: NetName=NetC13_2 Pin=C18-2
Added Pin To Net: NetName=NetC13_2 Pin=U3-34
Added Net: Name=NetC13_2
Added Pin To Net: NetName=NetC29_2 Pin=C29-2
Added Pin To Net: NetName=NetC29_2 Pin=S1-3
Added Pin To Net: NetName=NetC29_2 Pin=S1-4
Added Pin To Net: NetName=NetC29_2 Pin=U3-14
Added Net: Name=NetC29_2
Added Pin To Net: NetName=NetD3_2 Pin=D3-2
Added Pin To Net: NetName=NetD3_2 Pin=R20-1
Added Net: Name=NetD3_2
Added Pin To Net: NetName=NetFB1_2 Pin=FB1-2
Added Pin To Net: NetName=NetFB1_2 Pin=U3-8
Added Net: Name=NetFB1_2
Added Pin To Net: NetName=NetL2_1 Pin=L2-1
Added Pin To Net: NetName=NetL2_1 Pin=U3-33
Added Net: Name=NetL2_1
Added Pin To Net: NetName=NetR12_2 Pin=R12-2
Added Pin To Net: NetName=NetR12_2 Pin=R14-1
Added Net: Name=NetR12_2
Added Pin To Net: NetName=NetR17_2 Pin=R17-2
Added Pin To Net: NetName=NetR17_2 Pin=R19-2
Added Pin To Net: NetName=NetR17_2 Pin=U3-13
Added Net: Name=NetR17_2
Added Pin To Net: NetName=NetR19_1 Pin=R19-1
Added Pin To Net: NetName=NetR19_1 Pin=U6-4
Added Net: Name=NetR19_1
Added Member To Class: ClassName=IPD and BT Antena Member=Component ANT1 2450AT18B100E
Added Member To Class: ClassName=Buffer Member=Component C1 100n
Added Member To Class: ClassName=Buffer Member=Component C2 100n
Added Member To Class: ClassName=Buffer Member=Component C3 100n
Added Member To Class: ClassName=Logarithmic Amplifier Member=Component C4 100n
Added Member To Class: ClassName=Logarithmic Amplifier Member=Component C5 10n
Added Member To Class: ClassName=Logarithmic Amplifier Member=Component C6 100n
Added Member To Class: ClassName=Logarithmic Amplifier Member=Component C7 100n
Added Member To Class: ClassName=Logarithmic Amplifier Member=Component C8 22p
Added Member To Class: ClassName=STM32 MCU Member=Component C9 100n
Added Member To Class: ClassName=STM32 MCU Member=Component C10 15p
Added Member To Class: ClassName=STM32 MCU Member=Component C11 15p
Added Member To Class: ClassName=STM32 MCU Member=Component C12 10u/16V
Added Member To Class: ClassName=STM32 MCU Member=Component C13 100n
Added Member To Class: ClassName=STM32 MCU Member=Component C14 100n
Added Member To Class: ClassName=STM32 MCU Member=Component C15 100n
Added Member To Class: ClassName=STM32 MCU Member=Component C16 100n
Added Member To Class: ClassName=STM32 MCU Member=Component C17 100n
Added Member To Class: ClassName=STM32 MCU Member=Component C18 4u7
Added Member To Class: ClassName=STM32 MCU Member=Component C19 100n
Added Member To Class: ClassName=STM32 MCU Member=Component C20 100p
Added Member To Class: ClassName=STM32 MCU Member=Component C21 100n
Added Member To Class: ClassName=STM32 MCU Member=Component C22 4u7
Added Member To Class: ClassName=IPD and BT Antena Member=Component C23 1p2
Added Member To Class: ClassName=Battery Charger and LDO Regulator Member=Component C24 100n
Added Member To Class: ClassName=Battery Charger and LDO Regulator Member=Component C25 10n
Added Member To Class: ClassName=Battery Charger and LDO Regulator Member=Component C26 1u
Added Member To Class: ClassName=Battery Charger and LDO Regulator Member=Component C27 1u
Added Member To Class: ClassName=Logarithmic Amplifier Member=Component C28 22p
Added Member To Class: ClassName=STM32 MCU Member=Component C29 100n
Added Member To Class: ClassName=STM32 MCU Member=Component C30 100n
Added Member To Class: ClassName=STM32 MCU Member=Component D1 Green
Added Member To Class: ClassName=Battery Charger and LDO Regulator Member=Component D2 Green
Added Member To Class: ClassName=Battery Charger and LDO Regulator Member=Component D3 Green
Added Member To Class: ClassName=STM32 MCU Member=Component FB1 MPZ2012S601AT000
Added Member To Class: ClassName=IPD and BT Antena Member=Component IPD1 MLPF-WB55-01E3
Added Member To Class: ClassName=Battery Charger and LDO Regulator Member=Component J1 USB4135-GF-A
Added Member To Class: ClassName=STM32 MCU Member=Component L1 10u
Added Member To Class: ClassName=STM32 MCU Member=Component L2 10n
Added Member To Class: ClassName=IPD and BT Antena Member=Component L3 3n3
Added Member To Class: ClassName=IPD and BT Antena Member=Component L4 2n7
Added Member To Class: ClassName=Buffer Member=Component R1 49R9
Added Member To Class: ClassName=Buffer Member=Component R2 2k
Added Member To Class: ClassName=Buffer Member=Component R3 49R9
Added Member To Class: ClassName=Logarithmic Amplifier Member=Component R4 4R7
Added Member To Class: ClassName=Logarithmic Amplifier Member=Component R5 52R3
Added Member To Class: ClassName=Battery Charger and LDO Regulator Member=Component R6 0R0
Added Member To Class: ClassName=STM32 MCU Member=Component R7 49R9
Added Member To Class: ClassName=STM32 MCU Member=Component R8 10k
Added Member To Class: ClassName=STM32 MCU Member=Component R9 49R9
Added Member To Class: ClassName=Battery Charger and LDO Regulator Member=Component R10 10k
Added Member To Class: ClassName=Battery Charger and LDO Regulator Member=Component R11 2k
Added Member To Class: ClassName=Battery Charger and LDO Regulator Member=Component R12 5k1
Added Member To Class: ClassName=Battery Charger and LDO Regulator Member=Component R13 1k5
Added Member To Class: ClassName=Battery Charger and LDO Regulator Member=Component R14 5k1
Added Member To Class: ClassName=Battery Charger and LDO Regulator Member=Component R15 2k2
Added Member To Class: ClassName=STM32 MCU Member=Component R16 1k5
Added Member To Class: ClassName=STM32 MCU Member=Component R17 0R0
Added Member To Class: ClassName=STM32 MCU Member=Component R18 0R0
Added Member To Class: ClassName=STM32 MCU Member=Component R19 0R0
Added Member To Class: ClassName=Battery Charger and LDO Regulator Member=Component R20 1k5
Added Member To Class: ClassName=Battery Charger and LDO Regulator Member=Component R21 10k
Added Member To Class: ClassName=STM32 MCU Member=Component S1 TL3301AF160QG
Added Member To Class: ClassName=Buffer Member=Component U1 BUF602
Added Member To Class: ClassName=Logarithmic Amplifier Member=Component U2 AD8310ARMZ-REEL7
Added Member To Class: ClassName=STM32 MCU Member=Component U3 STM32WB55CGU6
Added Member To Class: ClassName=Battery Charger and LDO Regulator Member=Component U4 BQ24040DSQR
Added Member To Class: ClassName=Battery Charger and LDO Regulator Member=Component U5 TPS73633DBVR
Added Member To Class: ClassName=STM32 MCU Member=Component U6 74AHC1G17GWH
Added Member To Class: ClassName=Buffer Member=Component X1 60312002114503
Added Member To Class: ClassName=STM32 MCU Member=Component X2 HDR 1X4
Added Member To Class: ClassName=Battery Charger and LDO Regulator Member=Component X3 BAT HDR
Added Member To Class: ClassName=STM32 MCU Member=Component Y1 NX2016SA-32MHz
Added Member To Class: ClassName=STM32 MCU Member=Component Y2 NX2012SA-32.768kHz
Added Rule: Name=Schematic Supply Nets_1
